[debug] [2025-12-13T13:26:10.738Z] ----------------------------------------------------------------------
[debug] [2025-12-13T13:26:10.743Z] Command:       C:\Program Files\nodejs\node.exe C:\Users\muzam\AppData\Roaming\npm\node_modules\firebase-tools\lib\bin\firebase.js emulators:start --only functions,firestore
[debug] [2025-12-13T13:26:10.744Z] CLI Version:   15.0.0
[debug] [2025-12-13T13:26:10.744Z] Platform:      win32
[debug] [2025-12-13T13:26:10.744Z] Node Version:  v20.19.5
[debug] [2025-12-13T13:26:10.744Z] Time:          Sat Dec 13 2025 16:26:10 GMT+0300 (Arabian Standard Time)
[debug] [2025-12-13T13:26:10.744Z] ----------------------------------------------------------------------
[debug] 
[debug] [2025-12-13T13:26:15.082Z] > command requires scopes: ["email","openid","https://www.googleapis.com/auth/cloudplatformprojects.readonly","https://www.googleapis.com/auth/firebase","https://www.googleapis.com/auth/cloud-platform"]
[debug] [2025-12-13T13:26:15.083Z] > authorizing via signed-in user (sevoraapp@gmail.com)
[debug] [2025-12-13T13:26:15.267Z] openjdk version "25.0.1" 2025-10-21 LTS

[debug] [2025-12-13T13:26:15.268Z] OpenJDK Runtime Environment Temurin-25.0.1+8 (build 25.0.1+8-LTS)
OpenJDK 64-Bit Server VM Temurin-25.0.1+8 (build 25.0.1+8-LTS, mixed mode, sharing)

[debug] [2025-12-13T13:26:15.288Z] Parsed Java major version: 25
[info] i  emulators: Starting emulators: functions, firestore {"metadata":{"emulator":{"name":"hub"},"message":"Starting emulators: functions, firestore"}}
[debug] [2025-12-13T13:26:15.317Z] [logging] Logging Emulator only supports listening on one address (127.0.0.1). Not listening on ::1
[debug] [2025-12-13T13:26:15.318Z] [firestore] Firestore Emulator only supports listening on one address (127.0.0.1). Not listening on ::1
[debug] [2025-12-13T13:26:15.318Z] [firestore.websocket] websocket server for firestore only supports listening on one address (127.0.0.1). Not listening on ::1
[debug] [2025-12-13T13:26:15.319Z] assigned listening specs for emulators {"user":{"hub":[{"address":"127.0.0.1","family":"IPv4","port":4400},{"address":"::1","family":"IPv6","port":4400}],"ui":[{"address":"127.0.0.1","family":"IPv4","port":4000},{"address":"::1","family":"IPv6","port":4000}],"logging":[{"address":"127.0.0.1","family":"IPv4","port":4500}],"firestore":[{"address":"127.0.0.1","family":"IPv4","port":8080}],"firestore.websocket":[{"address":"127.0.0.1","family":"IPv4","port":9150}]},"metadata":{"message":"assigned listening specs for emulators"}}
[debug] [2025-12-13T13:26:15.331Z] Emulator locator file path: C:\Users\muzam\AppData\Local\Temp\hub-gulfara-cards.json
[debug] [2025-12-13T13:26:15.331Z] [hub] writing locator at C:\Users\muzam\AppData\Local\Temp\hub-gulfara-cards.json
[debug] [2025-12-13T13:26:15.373Z] [functions] Functions Emulator only supports listening on one address (127.0.0.1). Not listening on ::1
[debug] [2025-12-13T13:26:15.373Z] [eventarc] Eventarc Emulator only supports listening on one address (127.0.0.1). Not listening on ::1
[debug] [2025-12-13T13:26:15.374Z] [tasks] Cloud Tasks Emulator only supports listening on one address (127.0.0.1). Not listening on ::1
[debug] [2025-12-13T13:26:15.374Z] late-assigned ports for functions and eventarc emulators {"user":{"hub":[{"address":"127.0.0.1","family":"IPv4","port":4400},{"address":"::1","family":"IPv6","port":4400}],"ui":[{"address":"127.0.0.1","family":"IPv4","port":4000},{"address":"::1","family":"IPv6","port":4000}],"logging":[{"address":"127.0.0.1","family":"IPv4","port":4500}],"firestore":[{"address":"127.0.0.1","family":"IPv4","port":8080}],"firestore.websocket":[{"address":"127.0.0.1","family":"IPv4","port":9150}],"functions":[{"address":"127.0.0.1","family":"IPv4","port":5001}],"eventarc":[{"address":"127.0.0.1","family":"IPv4","port":9299}],"tasks":[{"address":"127.0.0.1","family":"IPv4","port":9499}]},"metadata":{"message":"late-assigned ports for functions and eventarc emulators"}}
[warn] !  functions: The following emulators are not running, calls to these services from the Functions emulator will affect production: apphosting, auth, database, hosting, pubsub, storage, dataconnect {"metadata":{"emulator":{"name":"functions"},"message":"The following emulators are not running, calls to these services from the Functions emulator will affect production: \u001b[1mapphosting, auth, database, hosting, pubsub, storage, dataconnect\u001b[22m"}}
[debug] [2025-12-13T13:26:15.414Z] defaultcredentials: writing to file C:\Users\muzam\AppData\Roaming\firebase\sevoraapp_gmail_com_application_default_credentials.json
[debug] [2025-12-13T13:26:15.423Z] Setting GAC to C:\Users\muzam\AppData\Roaming\firebase\sevoraapp_gmail_com_application_default_credentials.json {"metadata":{"emulator":{"name":"functions"},"message":"Setting GAC to C:\\Users\\muzam\\AppData\\Roaming\\firebase\\sevoraapp_gmail_com_application_default_credentials.json"}}
[debug] [2025-12-13T13:26:15.427Z] Checked if tokens are valid: true, expires at: 1765635070437
[debug] [2025-12-13T13:26:15.427Z] Checked if tokens are valid: true, expires at: 1765635070437
[debug] [2025-12-13T13:26:15.430Z] >>> [apiv2][query] GET https://firebase.googleapis.com/v1beta1/projects/gulfara-cards/adminSdkConfig [none]
[debug] [2025-12-13T13:26:16.040Z] <<< [apiv2][status] GET https://firebase.googleapis.com/v1beta1/projects/gulfara-cards/adminSdkConfig 200
[debug] [2025-12-13T13:26:16.040Z] <<< [apiv2][body] GET https://firebase.googleapis.com/v1beta1/projects/gulfara-cards/adminSdkConfig {"projectId":"gulfara-cards","storageBucket":"gulfara-cards.firebasestorage.app"}
[debug] [2025-12-13T13:26:16.085Z] Ignoring unsupported arg: auto_download {"metadata":{"emulator":{"name":"firestore"},"message":"Ignoring unsupported arg: auto_download"}}
[debug] [2025-12-13T13:26:16.086Z] Ignoring unsupported arg: single_project_mode_error {"metadata":{"emulator":{"name":"firestore"},"message":"Ignoring unsupported arg: single_project_mode_error"}}
[debug] [2025-12-13T13:26:16.086Z] Starting Firestore Emulator with command {"binary":"java","args":["-Dgoogle.cloud_firestore.debug_log_level=FINE","-Duser.language=en","-jar","C:\\Users\\muzam\\.cache\\firebase\\emulators\\cloud-firestore-emulator-v1.20.2.jar","--host","127.0.0.1","--port",8080,"--websocket_port",9150,"--project_id","gulfara-cards","--rules","C:\\Users\\muzam\\Projects\\Gulfara\\firestore.rules","--single_project_mode",true,"--functions_emulator","127.0.0.1:5001"],"optionalArgs":["port","webchannel_port","host","rules","websocket_port","functions_emulator","seed_from_export","project_id","single_project_mode"],"joinArgs":false,"shell":false,"port":8080} {"metadata":{"emulator":{"name":"firestore"},"message":"Starting Firestore Emulator with command {\"binary\":\"java\",\"args\":[\"-Dgoogle.cloud_firestore.debug_log_level=FINE\",\"-Duser.language=en\",\"-jar\",\"C:\\\\Users\\\\muzam\\\\.cache\\\\firebase\\\\emulators\\\\cloud-firestore-emulator-v1.20.2.jar\",\"--host\",\"127.0.0.1\",\"--port\",8080,\"--websocket_port\",9150,\"--project_id\",\"gulfara-cards\",\"--rules\",\"C:\\\\Users\\\\muzam\\\\Projects\\\\Gulfara\\\\firestore.rules\",\"--single_project_mode\",true,\"--functions_emulator\",\"127.0.0.1:5001\"],\"optionalArgs\":[\"port\",\"webchannel_port\",\"host\",\"rules\",\"websocket_port\",\"functions_emulator\",\"seed_from_export\",\"project_id\",\"single_project_mode\"],\"joinArgs\":false,\"shell\":false,\"port\":8080}"}}
[info] i  firestore: Firestore Emulator logging to firestore-debug.log {"metadata":{"emulator":{"name":"firestore"},"message":"Firestore Emulator logging to \u001b[1mfirestore-debug.log\u001b[22m"}}
[debug] [2025-12-13T13:26:16.886Z] WARNING: A terminally deprecated method in sun.misc.Unsafe has been called
WARNING: sun.misc.Unsafe::allocateMemory has been called by io.netty.util.internal.PlatformDependent0$2 (file:/C:/Users/muzam/.cache/firebase/emulators/cloud-firestore-emulator-v1.20.2.jar)
WARNING: Please consider reporting this to the maintainers of class io.netty.util.internal.PlatformDependent0$2
WARNING: sun.misc.Unsafe::allocateMemory will be removed in a future release
 {"metadata":{"emulator":{"name":"firestore"},"message":"WARNING: A terminally deprecated method in sun.misc.Unsafe has been called\nWARNING: sun.misc.Unsafe::allocateMemory has been called by io.netty.util.internal.PlatformDependent0$2 (file:/C:/Users/muzam/.cache/firebase/emulators/cloud-firestore-emulator-v1.20.2.jar)\nWARNING: Please consider reporting this to the maintainers of class io.netty.util.internal.PlatformDependent0$2\nWARNING: sun.misc.Unsafe::allocateMemory will be removed in a future release\r\n"}}
[debug] [2025-12-13T13:26:18.735Z] Dec 13, 2025 4:26:18 PM com.google.cloud.datastore.emulator.firestore.websocket.WebSocketServer start
INFO: Started WebSocket server on ws://127.0.0.1:9150
 {"metadata":{"emulator":{"name":"firestore"},"message":"Dec 13, 2025 4:26:18 PM com.google.cloud.datastore.emulator.firestore.websocket.WebSocketServer start\r\nINFO: Started WebSocket server on ws://127.0.0.1:9150\r\n"}}
[debug] [2025-12-13T13:26:18.838Z] API endpoint: http:// {"metadata":{"emulator":{"name":"firestore"},"message":"API endpoint: http://"}}
[debug] [2025-12-13T13:26:18.839Z] 127.0.0.1:8080
If you are using a library that supports the FIRESTORE_EMULATOR_HOST environment variable, run:

   export FIRESTORE_EMULATOR_HOST=127.0.0.1:8080

If you are running a Firestore in Datastore Mode project, run:

   export DATASTORE_EMULATOR_HOST=127.0.0.1:8080

Note: Support for Datastore Mode is in preview. If you encounter any bugs please file at https://github.com/firebase/firebase-tools/issues.
Dev App Server is now running.

 {"metadata":{"emulator":{"name":"firestore"},"message":"127.0.0.1:8080\nIf you are using a library that supports the FIRESTORE_EMULATOR_HOST environment variable, run:\r\n\n   export FIRESTORE_EMULATOR_HOST=127.0.0.1:8080\n\nIf you are running a Firestore in Datastore Mode project, run:\r\n\n   export DATASTORE_EMULATOR_HOST=127.0.0.1:8080\n\nNote: Support for Datastore Mode is in preview. If you encounter any bugs please file at https://github.com/firebase/firebase-tools/issues.\r\nDev App Server is now running.\n\r\n"}}
[info] +  firestore: Firestore Emulator UI websocket is running on 9150. {"metadata":{"emulator":{"name":"firestore"},"message":"Firestore Emulator UI websocket is running on 9150."}}
[info] i  functions: Watching "C:\Users\muzam\Projects\Gulfara\functions" for Cloud Functions... {"metadata":{"emulator":{"name":"functions"},"message":"Watching \"C:\\Users\\muzam\\Projects\\Gulfara\\functions\" for Cloud Functions..."}}
[debug] [2025-12-13T13:26:19.030Z] Validating nodejs source
[debug] [2025-12-13T13:26:21.047Z] > [functions] package.json contents: {
  "name": "functions",
  "scripts": {
    "lint": "eslint --ext .js,.ts .",
    "build": "tsc",
    "build:watch": "tsc --watch",
    "serve": "npm run build && firebase emulators:start --only functions",
    "shell": "npm run build && firebase functions:shell",
    "start": "npm run shell",
    "deploy": "firebase deploy --only functions",
    "logs": "firebase functions:log"
  },
  "engines": {
    "node": "24"
  },
  "main": "lib/index.js",
  "dependencies": {
    "firebase-admin": "^13.6.0",
    "firebase-functions": "^7.0.0"
  },
  "devDependencies": {
    "@typescript-eslint/eslint-plugin": "^5.12.0",
    "@typescript-eslint/parser": "^5.12.0",
    "eslint": "^8.9.0",
    "eslint-config-google": "^0.14.0",
    "eslint-plugin-import": "^2.25.4",
    "firebase-functions-test": "^3.4.1",
    "typescript": "^5.7.3"
  },
  "private": true
}
[debug] [2025-12-13T13:26:21.047Z] Building nodejs source
[debug] [2025-12-13T13:26:21.048Z] Failed to find version of module node: reached end of search path C:\Users\muzam\Projects\Gulfara\functions\node_modules
[warn] !  functions: Your requested "node" version "24" doesn't match your global version "20". Using node@20 from host. 
[debug] [2025-12-13T13:26:21.053Z] Could not find functions.yaml. Must use http discovery
[debug] [2025-12-13T13:26:21.076Z] Found firebase-functions binary at 'C:\Users\muzam\Projects\Gulfara\functions\node_modules\.bin\firebase-functions'
[info] Serving at port 8093

[debug] [2025-12-13T13:26:22.987Z] Got response from /__/functions.yaml {"endpoints":{"helloWorld":{"availableMemoryMb":null,"timeoutSeconds":null,"minInstances":null,"maxInstances":10,"ingressSettings":null,"concurrency":null,"serviceAccountEmail":null,"vpc":null,"platform":"gcfv2","labels":{},"httpsTrigger":{},"entryPoint":"helloWorld"},"logBlocked":{"availableMemoryMb":null,"timeoutSeconds":null,"minInstances":null,"maxInstances":10,"ingressSettings":null,"concurrency":null,"serviceAccountEmail":null,"vpc":null,"platform":"gcfv2","labels":{},"httpsTrigger":{},"entryPoint":"logBlocked"}},"specVersion":"v1alpha1","requiredAPIs":[],"extensions":{}}
[info] +  functions: Loaded functions definitions from source: helloWorld, logBlocked. {"metadata":{"emulator":{"name":"functions"},"message":"Loaded functions definitions from source: helloWorld, logBlocked."}}
[info] +  functions[us-central1-helloWorld]: http function initialized (http://127.0.0.1:5001/gulfara-cards/us-central1/helloWorld). {"metadata":{"emulator":{"name":"functions"},"message":"\u001b[1mhttp\u001b[22m function initialized (http://127.0.0.1:5001/gulfara-cards/us-central1/helloWorld)."}}
[info] +  functions[us-central1-logBlocked]: http function initialized (http://127.0.0.1:5001/gulfara-cards/us-central1/logBlocked). {"metadata":{"emulator":{"name":"functions"},"message":"\u001b[1mhttp\u001b[22m function initialized (http://127.0.0.1:5001/gulfara-cards/us-central1/logBlocked)."}}
[debug] [2025-12-13T13:26:27.057Z] Could not find VSCode notification endpoint: FetchError: request to http://localhost:40001/vscode/notify failed, reason: . If you are not running the Firebase Data Connect VSCode extension, this is expected and not an issue.
[info] 
┌─────────────────────────────────────────────────────────────┐
│ ✔  All emulators ready! It is now safe to connect your app. │
│ i  View Emulator UI at http://127.0.0.1:4000/               │
└─────────────────────────────────────────────────────────────┘

┌───────────┬────────────────┬─────────────────────────────────┐
│ Emulator  │ Host:Port      │ View in Emulator UI             │
├───────────┼────────────────┼─────────────────────────────────┤
│ Functions │ 127.0.0.1:5001 │ http://127.0.0.1:4000/functions │
├───────────┼────────────────┼─────────────────────────────────┤
│ Firestore │ 127.0.0.1:8080 │ http://127.0.0.1:4000/firestore │
└───────────┴────────────────┴─────────────────────────────────┘
  Emulator Hub host: 127.0.0.1 port: 4400
  Other reserved ports: 4500, 9150

Issues? Report them at https://github.com/firebase/firebase-tools/issues and attach the *-debug.log files.
 
[debug] [2025-12-13T13:26:58.543Z] [work-queue] {"queuedWork":["/gulfara-cards/us-central1/helloWorld-2025-12-13T13:26:58.543Z"],"queueLength":1,"runningWork":[],"workRunningCount":0}
[debug] [2025-12-13T13:26:58.543Z] [work-queue] {"queuedWork":[],"queueLength":0,"runningWork":["/gulfara-cards/us-central1/helloWorld-2025-12-13T13:26:58.543Z"],"workRunningCount":1}
[debug] [2025-12-13T13:26:58.544Z] Accepted request GET /gulfara-cards/us-central1/helloWorld --> us-central1-helloWorld
[debug] [2025-12-13T13:26:58.549Z] [functions] Runtime ready! Sending request! {"metadata":{"emulator":{"name":"functions"},"message":"[functions] Runtime ready! Sending request!"}}
[debug] [2025-12-13T13:26:58.549Z] [functions] Got req.url=/gulfara-cards/us-central1/helloWorld, mapping to path=/ {"metadata":{"emulator":{"name":"functions"},"message":"[functions] Got req.url=/gulfara-cards/us-central1/helloWorld, mapping to path=/"}}
[debug] [2025-12-13T13:26:58.589Z] [worker-pool] addWorker(us-central1-helloWorld) {"metadata":{"emulator":{"name":"functions"},"message":"[worker-pool] addWorker(us-central1-helloWorld)"}}
[debug] [2025-12-13T13:26:58.591Z] [worker-pool] Adding worker with key us-central1-helloWorld, total=1 {"metadata":{"emulator":{"name":"functions"},"message":"[worker-pool] Adding worker with key us-central1-helloWorld, total=1"}}
[debug] [2025-12-13T13:27:00.940Z] [runtime-status] [30920] Resolved module firebase-admin {"declared":true,"installed":true,"version":"13.6.0","resolution":"C:\\Users\\muzam\\Projects\\Gulfara\\functions\\node_modules\\firebase-admin\\lib\\index.js"} {"metadata":{"emulator":{"name":"functions"},"function":{"name":"us-central1-helloWorld"},"extension":{},"message":"[runtime-status] [30920] Resolved module firebase-admin {\"declared\":true,\"installed\":true,\"version\":\"13.6.0\",\"resolution\":\"C:\\\\Users\\\\muzam\\\\Projects\\\\Gulfara\\\\functions\\\\node_modules\\\\firebase-admin\\\\lib\\\\index.js\"}"}}
[debug] [2025-12-13T13:27:00.944Z] [runtime-status] [30920] Resolved module firebase-functions {"declared":true,"installed":true,"version":"7.0.1","resolution":"C:\\Users\\muzam\\Projects\\Gulfara\\functions\\node_modules\\firebase-functions\\lib\\v2\\index.js"} {"metadata":{"emulator":{"name":"functions"},"function":{"name":"us-central1-helloWorld"},"extension":{},"message":"[runtime-status] [30920] Resolved module firebase-functions {\"declared\":true,\"installed\":true,\"version\":\"7.0.1\",\"resolution\":\"C:\\\\Users\\\\muzam\\\\Projects\\\\Gulfara\\\\functions\\\\node_modules\\\\firebase-functions\\\\lib\\\\v2\\\\index.js\"}"}}
[debug] [2025-12-13T13:27:00.945Z] [runtime-status] [30920] Outgoing network have been stubbed. [{"name":"http","status":"mocked"},{"name":"http","status":"mocked"},{"name":"https","status":"mocked"},{"name":"https","status":"mocked"},{"name":"net","status":"mocked"}] {"metadata":{"emulator":{"name":"functions"},"function":{"name":"us-central1-helloWorld"},"extension":{},"message":"[runtime-status] [30920] Outgoing network have been stubbed. [{\"name\":\"http\",\"status\":\"mocked\"},{\"name\":\"http\",\"status\":\"mocked\"},{\"name\":\"https\",\"status\":\"mocked\"},{\"name\":\"https\",\"status\":\"mocked\"},{\"name\":\"net\",\"status\":\"mocked\"}]"}}
[debug] [2025-12-13T13:27:00.947Z] [runtime-status] [30920] Resolved module firebase-functions {"declared":true,"installed":true,"version":"7.0.1","resolution":"C:\\Users\\muzam\\Projects\\Gulfara\\functions\\node_modules\\firebase-functions\\lib\\v2\\index.js"} {"metadata":{"emulator":{"name":"functions"},"function":{"name":"us-central1-helloWorld"},"extension":{},"message":"[runtime-status] [30920] Resolved module firebase-functions {\"declared\":true,\"installed\":true,\"version\":\"7.0.1\",\"resolution\":\"C:\\\\Users\\\\muzam\\\\Projects\\\\Gulfara\\\\functions\\\\node_modules\\\\firebase-functions\\\\lib\\\\v2\\\\index.js\"}"}}
[debug] [2025-12-13T13:27:00.947Z] [runtime-status] [30920] Detected firebase-functions v7+, skipping legacy stubs. {"metadata":{"emulator":{"name":"functions"},"function":{"name":"us-central1-helloWorld"},"extension":{},"message":"[runtime-status] [30920] Detected firebase-functions v7+, skipping legacy stubs."}}
[debug] [2025-12-13T13:27:00.949Z] [runtime-status] [30920] Resolved module firebase-admin {"declared":true,"installed":true,"version":"13.6.0","resolution":"C:\\Users\\muzam\\Projects\\Gulfara\\functions\\node_modules\\firebase-admin\\lib\\index.js"} {"metadata":{"emulator":{"name":"functions"},"function":{"name":"us-central1-helloWorld"},"extension":{},"message":"[runtime-status] [30920] Resolved module firebase-admin {\"declared\":true,\"installed\":true,\"version\":\"13.6.0\",\"resolution\":\"C:\\\\Users\\\\muzam\\\\Projects\\\\Gulfara\\\\functions\\\\node_modules\\\\firebase-admin\\\\lib\\\\index.js\"}"}}
[debug] [2025-12-13T13:27:01.181Z] [runtime-status] [30920] Resolved module firebase-functions {"declared":true,"installed":true,"version":"7.0.1","resolution":"C:\\Users\\muzam\\Projects\\Gulfara\\functions\\node_modules\\firebase-functions\\lib\\v2\\index.js"} {"metadata":{"emulator":{"name":"functions"},"function":{"name":"us-central1-helloWorld"},"extension":{},"message":"[runtime-status] [30920] Resolved module firebase-functions {\"declared\":true,\"installed\":true,\"version\":\"7.0.1\",\"resolution\":\"C:\\\\Users\\\\muzam\\\\Projects\\\\Gulfara\\\\functions\\\\node_modules\\\\firebase-functions\\\\lib\\\\v2\\\\index.js\"}"}}
[debug] [2025-12-13T13:27:01.753Z] [runtime-status] [30920] firebase-admin has been stubbed. {"adminResolution":{"declared":true,"installed":true,"version":"13.6.0","resolution":"C:\\Users\\muzam\\Projects\\Gulfara\\functions\\node_modules\\firebase-admin\\lib\\index.js"}} {"metadata":{"emulator":{"name":"functions"},"function":{"name":"us-central1-helloWorld"},"extension":{},"message":"[runtime-status] [30920] firebase-admin has been stubbed. {\"adminResolution\":{\"declared\":true,\"installed\":true,\"version\":\"13.6.0\",\"resolution\":\"C:\\\\Users\\\\muzam\\\\Projects\\\\Gulfara\\\\functions\\\\node_modules\\\\firebase-admin\\\\lib\\\\index.js\"}}"}}
[debug] [2025-12-13T13:27:01.760Z] [runtime-status] [30920] initializeApp(DEFAULT) {"storageBucket":"gulfara-cards.firebasestorage.app","projectId":"gulfara-cards"} {"metadata":{"emulator":{"name":"functions"},"function":{"name":"us-central1-helloWorld"},"extension":{},"message":"[runtime-status] [30920] initializeApp(DEFAULT) {\"storageBucket\":\"gulfara-cards.firebasestorage.app\",\"projectId\":\"gulfara-cards\"}"}}
[debug] [2025-12-13T13:27:01.770Z] [runtime-status] [30920] Functions runtime initialized. {"cwd":"C:\\Users\\muzam\\Projects\\Gulfara\\functions","node_version":"20.19.5"} {"metadata":{"emulator":{"name":"functions"},"function":{"name":"us-central1-helloWorld"},"extension":{},"message":"[runtime-status] [30920] Functions runtime initialized. {\"cwd\":\"C:\\\\Users\\\\muzam\\\\Projects\\\\Gulfara\\\\functions\",\"node_version\":\"20.19.5\"}"}}
[debug] [2025-12-13T13:27:01.771Z] [runtime-status] [30920] Listening to port: \\?\pipe\fire_emu_55ebbcd9be1b19cb {"metadata":{"emulator":{"name":"functions"},"function":{"name":"us-central1-helloWorld"},"extension":{},"message":"[runtime-status] [30920] Listening to port: \\\\?\\pipe\\fire_emu_55ebbcd9be1b19cb"}}
[debug] [2025-12-13T13:27:01.835Z] [worker-us-central1-helloWorld-29d18643-a0bf-4e35-af6c-caa53f5e2769]: IDLE {"metadata":{"emulator":{"name":"functions"},"function":{"name":"us-central1-helloWorld"},"extension":{},"message":"[worker-us-central1-helloWorld-29d18643-a0bf-4e35-af6c-caa53f5e2769]: IDLE"}}
[debug] [2025-12-13T13:27:01.835Z] [worker-pool] submitRequest(triggerId=us-central1-helloWorld) {"metadata":{"emulator":{"name":"functions"},"message":"[worker-pool] submitRequest(triggerId=us-central1-helloWorld)"}}
[info] i  functions: Beginning execution of "us-central1-helloWorld" {"metadata":{"emulator":{"name":"functions"},"function":{"name":"us-central1-helloWorld"},"extension":{},"message":"Beginning execution of \"us-central1-helloWorld\""}}
[debug] [2025-12-13T13:27:01.837Z] [worker-us-central1-helloWorld-29d18643-a0bf-4e35-af6c-caa53f5e2769]: BUSY {"metadata":{"emulator":{"name":"functions"},"function":{"name":"us-central1-helloWorld"},"extension":{},"message":"[worker-us-central1-helloWorld-29d18643-a0bf-4e35-af6c-caa53f5e2769]: BUSY"}}
[debug] [2025-12-13T13:27:04.758Z] Dec 13, 2025 4:27:04 PM io.gapi.emulators.netty.HttpVersionRoutingHandler channelRead
INFO: Detected HTTP/2 connection.
 {"metadata":{"emulator":{"name":"firestore"},"message":"Dec 13, 2025 4:27:04 PM io.gapi.emulators.netty.HttpVersionRoutingHandler channelRead\r\nINFO: Detected HTTP/2 connection.\r\n"}}
[info] >  {"severity":"WARNING","message":"helloWorld request rejected: ENABLED=false"} {"user":{"severity":"WARNING","message":"helloWorld request rejected: ENABLED=false"},"metadata":{"emulator":{"name":"functions"},"function":{"name":"us-central1-helloWorld"},"extension":{},"message":"\u001b[90m> \u001b[39m {\"severity\":\"WARNING\",\"message\":\"helloWorld request rejected: ENABLED=false\"}"}}
[debug] [2025-12-13T13:27:06.218Z] Finishing up request with event=pause {"metadata":{"emulator":{"name":"functions"},"function":{"name":"us-central1-helloWorld"},"extension":{},"message":"Finishing up request with event=pause"}}
[info] i  functions: Finished "us-central1-helloWorld" in 4382.1133ms {"metadata":{"emulator":{"name":"functions"},"function":{"name":"us-central1-helloWorld"},"extension":{},"message":"Finished \"us-central1-helloWorld\" in 4382.1133ms"}}
[debug] [2025-12-13T13:27:06.220Z] [worker-us-central1-helloWorld-29d18643-a0bf-4e35-af6c-caa53f5e2769]: IDLE {"metadata":{"emulator":{"name":"functions"},"function":{"name":"us-central1-helloWorld"},"extension":{},"message":"[worker-us-central1-helloWorld-29d18643-a0bf-4e35-af6c-caa53f5e2769]: IDLE"}}
[debug] [2025-12-13T13:27:06.220Z] Finishing up request with event=finish {"metadata":{"emulator":{"name":"functions"},"function":{"name":"us-central1-helloWorld"},"extension":{},"message":"Finishing up request with event=finish"}}
[debug] [2025-12-13T13:27:06.221Z] Finishing up request with event=close {"metadata":{"emulator":{"name":"functions"},"function":{"name":"us-central1-helloWorld"},"extension":{},"message":"Finishing up request with event=close"}}
[debug] [2025-12-13T13:27:06.221Z] [work-queue] {"queuedWork":[],"queueLength":0,"runningWork":[],"workRunningCount":0}
[debug] [2025-12-13T13:28:25.257Z] File C:\Users\muzam\Projects\Gulfara\functions\post.json changed, reloading triggers {"metadata":{"emulator":{"name":"functions"},"message":"File C:\\Users\\muzam\\Projects\\Gulfara\\functions\\post.json changed, reloading triggers"}}
[debug] [2025-12-13T13:28:26.274Z] Validating nodejs source
[debug] [2025-12-13T13:28:29.059Z] > [functions] package.json contents: {
  "name": "functions",
  "scripts": {
    "lint": "eslint --ext .js,.ts .",
    "build": "tsc",
    "build:watch": "tsc --watch",
    "serve": "npm run build && firebase emulators:start --only functions",
    "shell": "npm run build && firebase functions:shell",
    "start": "npm run shell",
    "deploy": "firebase deploy --only functions",
    "logs": "firebase functions:log"
  },
  "engines": {
    "node": "24"
  },
  "main": "lib/index.js",
  "dependencies": {
    "firebase-admin": "^13.6.0",
    "firebase-functions": "^7.0.0"
  },
  "devDependencies": {
    "@typescript-eslint/eslint-plugin": "^5.12.0",
    "@typescript-eslint/parser": "^5.12.0",
    "eslint": "^8.9.0",
    "eslint-config-google": "^0.14.0",
    "eslint-plugin-import": "^2.25.4",
    "firebase-functions-test": "^3.4.1",
    "typescript": "^5.7.3"
  },
  "private": true
}
[debug] [2025-12-13T13:28:29.059Z] Building nodejs source
[debug] [2025-12-13T13:28:29.060Z] Failed to find version of module node: reached end of search path C:\Users\muzam\Projects\Gulfara\functions\node_modules
[warn] !  functions: Your requested "node" version "24" doesn't match your global version "20". Using node@20 from host. 
[debug] [2025-12-13T13:28:29.062Z] Could not find functions.yaml. Must use http discovery
[debug] [2025-12-13T13:28:29.086Z] Found firebase-functions binary at 'C:\Users\muzam\Projects\Gulfara\functions\node_modules\.bin\firebase-functions'
[info] Serving at port 8492

[debug] [2025-12-13T13:28:31.997Z] Got response from /__/functions.yaml {"endpoints":{"helloWorld":{"availableMemoryMb":null,"timeoutSeconds":null,"minInstances":null,"maxInstances":10,"ingressSettings":null,"concurrency":null,"serviceAccountEmail":null,"vpc":null,"platform":"gcfv2","labels":{},"httpsTrigger":{},"entryPoint":"helloWorld"},"logBlocked":{"availableMemoryMb":null,"timeoutSeconds":null,"minInstances":null,"maxInstances":10,"ingressSettings":null,"concurrency":null,"serviceAccountEmail":null,"vpc":null,"platform":"gcfv2","labels":{},"httpsTrigger":{},"entryPoint":"logBlocked"}},"specVersion":"v1alpha1","requiredAPIs":[],"extensions":{}}
[info] +  functions: Loaded functions definitions from source: helloWorld, logBlocked. {"metadata":{"emulator":{"name":"functions"},"message":"Loaded functions definitions from source: helloWorld, logBlocked."}}
[debug] [2025-12-13T13:28:36.060Z] [worker-pool] Shutting down IDLE worker (us-central1-helloWorld) {"metadata":{"emulator":{"name":"functions"},"message":"[worker-pool] Shutting down IDLE worker (us-central1-helloWorld)"}}
[debug] [2025-12-13T13:28:36.060Z] [worker-us-central1-helloWorld-29d18643-a0bf-4e35-af6c-caa53f5e2769]: FINISHING {"metadata":{"emulator":{"name":"functions"},"function":{"name":"us-central1-helloWorld"},"extension":{},"message":"[worker-us-central1-helloWorld-29d18643-a0bf-4e35-af6c-caa53f5e2769]: FINISHING"}}
[debug] [2025-12-13T13:28:36.068Z] Dec 13, 2025 4:28:36 PM io.netty.channel.DefaultChannelPipeline onUnhandledInboundException
WARNING: An exceptionCaught() event was fired, and it reached at the tail of the pipeline. It usually means the last handler in the pipeline did not handle the exception.
java.net.SocketException: Connection reset
	at java.base/sun.nio.ch.SocketChannelImpl.throwConnectionReset(SocketChannelImpl.java:399)
	at java.base/sun.nio.ch.SocketChannelImpl.implRead(SocketChannelImpl.java:431)
	at java.base/sun.nio.ch.SocketChannelImpl.read(SocketChannelImpl.java:489)
	at io.netty.buffer.PooledByteBuf.setBytes(PooledByteBuf.java:255)
	at io.netty.buffer.AbstractByteBuf.writeBytes(AbstractByteBuf.java:1132)
	at io.netty.channel.socket.nio.NioSocketChannel.doReadBytes(NioSocketChannel.java:356)
	at io.netty.channel.nio.AbstractNioByteChannel$NioByteUnsafe.read(AbstractNioByteChannel.java:151)
	at io.netty.channel.nio.NioEventLoop.processSelectedKey(NioEventLoop.java:796)
	at io.netty.channel.nio.NioEventLoop.processSelectedKeysOptimized(NioEventLoop.java:732)
	at io.netty.channel.nio.NioEventLoop.processSelectedKeys(NioEventLoop.java:658)
	at io.netty.channel.nio.NioEventLoop.run(NioEventLoop.java:562)
	at io.netty.util.concurrent.SingleThreadEventExecutor$4.run(SingleThreadEventExecutor.java:998)
	at io.netty.util.internal.ThreadExecutorMap$2.run(ThreadExecutorMap.java:74)
	at io.netty.util.concurrent.FastThreadLocalRunnable.run(FastThreadLocalRunnable.java:30)
	at java.base/java.lang.Thread.run(Thread.java:1474)

 {"metadata":{"emulator":{"name":"firestore"},"message":"Dec 13, 2025 4:28:36 PM io.netty.channel.DefaultChannelPipeline onUnhandledInboundException\r\nWARNING: An exceptionCaught() event was fired, and it reached at the tail of the pipeline. It usually means the last handler in the pipeline did not handle the exception.\r\njava.net.SocketException: Connection reset\r\n\tat java.base/sun.nio.ch.SocketChannelImpl.throwConnectionReset(SocketChannelImpl.java:399)\r\n\tat java.base/sun.nio.ch.SocketChannelImpl.implRead(SocketChannelImpl.java:431)\r\n\tat java.base/sun.nio.ch.SocketChannelImpl.read(SocketChannelImpl.java:489)\r\n\tat io.netty.buffer.PooledByteBuf.setBytes(PooledByteBuf.java:255)\r\n\tat io.netty.buffer.AbstractByteBuf.writeBytes(AbstractByteBuf.java:1132)\r\n\tat io.netty.channel.socket.nio.NioSocketChannel.doReadBytes(NioSocketChannel.java:356)\r\n\tat io.netty.channel.nio.AbstractNioByteChannel$NioByteUnsafe.read(AbstractNioByteChannel.java:151)\r\n\tat io.netty.channel.nio.NioEventLoop.processSelectedKey(NioEventLoop.java:796)\r\n\tat io.netty.channel.nio.NioEventLoop.processSelectedKeysOptimized(NioEventLoop.java:732)\r\n\tat io.netty.channel.nio.NioEventLoop.processSelectedKeys(NioEventLoop.java:658)\r\n\tat io.netty.channel.nio.NioEventLoop.run(NioEventLoop.java:562)\r\n\tat io.netty.util.concurrent.SingleThreadEventExecutor$4.run(SingleThreadEventExecutor.java:998)\r\n\tat io.netty.util.internal.ThreadExecutorMap$2.run(ThreadExecutorMap.java:74)\r\n\tat io.netty.util.concurrent.FastThreadLocalRunnable.run(FastThreadLocalRunnable.java:30)\r\n\tat java.base/java.lang.Thread.run(Thread.java:1474)\r\n\r\n"}}
[debug] [2025-12-13T13:28:36.079Z] [worker-us-central1-helloWorld-29d18643-a0bf-4e35-af6c-caa53f5e2769]: exited {"metadata":{"emulator":{"name":"functions"},"function":{"name":"us-central1-helloWorld"},"extension":{},"message":"[worker-us-central1-helloWorld-29d18643-a0bf-4e35-af6c-caa53f5e2769]: exited"}}
[debug] [2025-12-13T13:28:36.079Z] [worker-us-central1-helloWorld-29d18643-a0bf-4e35-af6c-caa53f5e2769]: FINISHED {"metadata":{"emulator":{"name":"functions"},"function":{"name":"us-central1-helloWorld"},"extension":{},"message":"[worker-us-central1-helloWorld-29d18643-a0bf-4e35-af6c-caa53f5e2769]: FINISHED"}}
[debug] [2025-12-13T13:29:00.127Z] [work-queue] {"queuedWork":["/gulfara-cards/us-central1/logBlocked-2025-12-13T13:29:00.127Z"],"queueLength":1,"runningWork":[],"workRunningCount":0}
[debug] [2025-12-13T13:29:00.128Z] [work-queue] {"queuedWork":[],"queueLength":0,"runningWork":["/gulfara-cards/us-central1/logBlocked-2025-12-13T13:29:00.127Z"],"workRunningCount":1}
[debug] [2025-12-13T13:29:00.128Z] Accepted request POST /gulfara-cards/us-central1/logBlocked --> us-central1-logBlocked
[debug] [2025-12-13T13:29:00.132Z] [functions] Runtime ready! Sending request! {"metadata":{"emulator":{"name":"functions"},"message":"[functions] Runtime ready! Sending request!"}}
[debug] [2025-12-13T13:29:00.133Z] [functions] Got req.url=/gulfara-cards/us-central1/logBlocked, mapping to path=/ {"metadata":{"emulator":{"name":"functions"},"message":"[functions] Got req.url=/gulfara-cards/us-central1/logBlocked, mapping to path=/"}}
[debug] [2025-12-13T13:29:00.133Z] [worker-pool] Cleaned up workers for us-central1-helloWorld: 1 --> 0 {"metadata":{"emulator":{"name":"functions"},"message":"[worker-pool] Cleaned up workers for us-central1-helloWorld: 1 --> 0"}}
[debug] [2025-12-13T13:29:00.167Z] [worker-pool] addWorker(us-central1-logBlocked) {"metadata":{"emulator":{"name":"functions"},"message":"[worker-pool] addWorker(us-central1-logBlocked)"}}
[debug] [2025-12-13T13:29:00.167Z] [worker-pool] Adding worker with key us-central1-logBlocked, total=1 {"metadata":{"emulator":{"name":"functions"},"message":"[worker-pool] Adding worker with key us-central1-logBlocked, total=1"}}
[debug] [2025-12-13T13:29:02.845Z] [runtime-status] [29508] Resolved module firebase-admin {"declared":true,"installed":true,"version":"13.6.0","resolution":"C:\\Users\\muzam\\Projects\\Gulfara\\functions\\node_modules\\firebase-admin\\lib\\index.js"} {"metadata":{"emulator":{"name":"functions"},"function":{"name":"us-central1-logBlocked"},"extension":{},"message":"[runtime-status] [29508] Resolved module firebase-admin {\"declared\":true,\"installed\":true,\"version\":\"13.6.0\",\"resolution\":\"C:\\\\Users\\\\muzam\\\\Projects\\\\Gulfara\\\\functions\\\\node_modules\\\\firebase-admin\\\\lib\\\\index.js\"}"}}
[debug] [2025-12-13T13:29:02.850Z] [runtime-status] [29508] Resolved module firebase-functions {"declared":true,"installed":true,"version":"7.0.1","resolution":"C:\\Users\\muzam\\Projects\\Gulfara\\functions\\node_modules\\firebase-functions\\lib\\v2\\index.js"} {"metadata":{"emulator":{"name":"functions"},"function":{"name":"us-central1-logBlocked"},"extension":{},"message":"[runtime-status] [29508] Resolved module firebase-functions {\"declared\":true,\"installed\":true,\"version\":\"7.0.1\",\"resolution\":\"C:\\\\Users\\\\muzam\\\\Projects\\\\Gulfara\\\\functions\\\\node_modules\\\\firebase-functions\\\\lib\\\\v2\\\\index.js\"}"}}
[debug] [2025-12-13T13:29:02.851Z] [runtime-status] [29508] Outgoing network have been stubbed. [{"name":"http","status":"mocked"},{"name":"http","status":"mocked"},{"name":"https","status":"mocked"},{"name":"https","status":"mocked"},{"name":"net","status":"mocked"}] {"metadata":{"emulator":{"name":"functions"},"function":{"name":"us-central1-logBlocked"},"extension":{},"message":"[runtime-status] [29508] Outgoing network have been stubbed. [{\"name\":\"http\",\"status\":\"mocked\"},{\"name\":\"http\",\"status\":\"mocked\"},{\"name\":\"https\",\"status\":\"mocked\"},{\"name\":\"https\",\"status\":\"mocked\"},{\"name\":\"net\",\"status\":\"mocked\"}]"}}
[debug] [2025-12-13T13:29:02.852Z] [runtime-status] [29508] Resolved module firebase-functions {"declared":true,"installed":true,"version":"7.0.1","resolution":"C:\\Users\\muzam\\Projects\\Gulfara\\functions\\node_modules\\firebase-functions\\lib\\v2\\index.js"} {"metadata":{"emulator":{"name":"functions"},"function":{"name":"us-central1-logBlocked"},"extension":{},"message":"[runtime-status] [29508] Resolved module firebase-functions {\"declared\":true,\"installed\":true,\"version\":\"7.0.1\",\"resolution\":\"C:\\\\Users\\\\muzam\\\\Projects\\\\Gulfara\\\\functions\\\\node_modules\\\\firebase-functions\\\\lib\\\\v2\\\\index.js\"}"}}
[debug] [2025-12-13T13:29:02.853Z] [runtime-status] [29508] Detected firebase-functions v7+, skipping legacy stubs. {"metadata":{"emulator":{"name":"functions"},"function":{"name":"us-central1-logBlocked"},"extension":{},"message":"[runtime-status] [29508] Detected firebase-functions v7+, skipping legacy stubs."}}
[debug] [2025-12-13T13:29:02.854Z] [runtime-status] [29508] Resolved module firebase-admin {"declared":true,"installed":true,"version":"13.6.0","resolution":"C:\\Users\\muzam\\Projects\\Gulfara\\functions\\node_modules\\firebase-admin\\lib\\index.js"} {"metadata":{"emulator":{"name":"functions"},"function":{"name":"us-central1-logBlocked"},"extension":{},"message":"[runtime-status] [29508] Resolved module firebase-admin {\"declared\":true,\"installed\":true,\"version\":\"13.6.0\",\"resolution\":\"C:\\\\Users\\\\muzam\\\\Projects\\\\Gulfara\\\\functions\\\\node_modules\\\\firebase-admin\\\\lib\\\\index.js\"}"}}
[debug] [2025-12-13T13:29:03.060Z] [runtime-status] [29508] Resolved module firebase-functions {"declared":true,"installed":true,"version":"7.0.1","resolution":"C:\\Users\\muzam\\Projects\\Gulfara\\functions\\node_modules\\firebase-functions\\lib\\v2\\index.js"} {"metadata":{"emulator":{"name":"functions"},"function":{"name":"us-central1-logBlocked"},"extension":{},"message":"[runtime-status] [29508] Resolved module firebase-functions {\"declared\":true,\"installed\":true,\"version\":\"7.0.1\",\"resolution\":\"C:\\\\Users\\\\muzam\\\\Projects\\\\Gulfara\\\\functions\\\\node_modules\\\\firebase-functions\\\\lib\\\\v2\\\\index.js\"}"}}
[debug] [2025-12-13T13:29:03.807Z] [runtime-status] [29508] firebase-admin has been stubbed. {"adminResolution":{"declared":true,"installed":true,"version":"13.6.0","resolution":"C:\\Users\\muzam\\Projects\\Gulfara\\functions\\node_modules\\firebase-admin\\lib\\index.js"}} {"metadata":{"emulator":{"name":"functions"},"function":{"name":"us-central1-logBlocked"},"extension":{},"message":"[runtime-status] [29508] firebase-admin has been stubbed. {\"adminResolution\":{\"declared\":true,\"installed\":true,\"version\":\"13.6.0\",\"resolution\":\"C:\\\\Users\\\\muzam\\\\Projects\\\\Gulfara\\\\functions\\\\node_modules\\\\firebase-admin\\\\lib\\\\index.js\"}}"}}
[debug] [2025-12-13T13:29:03.813Z] [runtime-status] [29508] initializeApp(DEFAULT) {"storageBucket":"gulfara-cards.firebasestorage.app","projectId":"gulfara-cards"} {"metadata":{"emulator":{"name":"functions"},"function":{"name":"us-central1-logBlocked"},"extension":{},"message":"[runtime-status] [29508] initializeApp(DEFAULT) {\"storageBucket\":\"gulfara-cards.firebasestorage.app\",\"projectId\":\"gulfara-cards\"}"}}
[debug] [2025-12-13T13:29:03.825Z] [runtime-status] [29508] Functions runtime initialized. {"cwd":"C:\\Users\\muzam\\Projects\\Gulfara\\functions","node_version":"20.19.5"} {"metadata":{"emulator":{"name":"functions"},"function":{"name":"us-central1-logBlocked"},"extension":{},"message":"[runtime-status] [29508] Functions runtime initialized. {\"cwd\":\"C:\\\\Users\\\\muzam\\\\Projects\\\\Gulfara\\\\functions\",\"node_version\":\"20.19.5\"}"}}
[debug] [2025-12-13T13:29:03.825Z] [runtime-status] [29508] Listening to port: \\?\pipe\fire_emu_1667b3ef9363b9df {"metadata":{"emulator":{"name":"functions"},"function":{"name":"us-central1-logBlocked"},"extension":{},"message":"[runtime-status] [29508] Listening to port: \\\\?\\pipe\\fire_emu_1667b3ef9363b9df"}}
[debug] [2025-12-13T13:29:03.846Z] [worker-us-central1-logBlocked-d3334884-7de3-4162-93ad-1d5cfec99f7c]: IDLE {"metadata":{"emulator":{"name":"functions"},"function":{"name":"us-central1-logBlocked"},"extension":{},"message":"[worker-us-central1-logBlocked-d3334884-7de3-4162-93ad-1d5cfec99f7c]: IDLE"}}
[debug] [2025-12-13T13:29:03.846Z] [worker-pool] submitRequest(triggerId=us-central1-logBlocked) {"metadata":{"emulator":{"name":"functions"},"message":"[worker-pool] submitRequest(triggerId=us-central1-logBlocked)"}}
[info] i  functions: Beginning execution of "us-central1-logBlocked" {"metadata":{"emulator":{"name":"functions"},"function":{"name":"us-central1-logBlocked"},"extension":{},"message":"Beginning execution of \"us-central1-logBlocked\""}}
[debug] [2025-12-13T13:29:03.853Z] [worker-us-central1-logBlocked-d3334884-7de3-4162-93ad-1d5cfec99f7c]: BUSY {"metadata":{"emulator":{"name":"functions"},"function":{"name":"us-central1-logBlocked"},"extension":{},"message":"[worker-us-central1-logBlocked-d3334884-7de3-4162-93ad-1d5cfec99f7c]: BUSY"}}
[info] >  {"severity":"ERROR","message":"logBlocked error TypeError: Cannot read properties of undefined (reading 'serverTimestamp')\n    at C:\\Users\\muzam\\Projects\\Gulfara\\functions\\lib\\index.js:93:44\n    at C:\\Users\\muzam\\Projects\\Gulfara\\functions\\node_modules\\firebase-functions\\lib\\common\\providers\\https.js:566:10\n    at C:\\Users\\muzam\\Projects\\Gulfara\\functions\\node_modules\\firebase-functions\\lib\\v2\\providers\\https.js:67:14\n    at cors (C:\\Users\\muzam\\Projects\\Gulfara\\functions\\node_modules\\cors\\lib\\index.js:188:7)\n    at C:\\Users\\muzam\\Projects\\Gulfara\\functions\\node_modules\\cors\\lib\\index.js:224:17\n    at originCallback (C:\\Users\\muzam\\Projects\\Gulfara\\functions\\node_modules\\cors\\lib\\index.js:214:15)\n    at C:\\Users\\muzam\\Projects\\Gulfara\\functions\\node_modules\\cors\\lib\\index.js:219:13\n    at optionsCallback (C:\\Users\\muzam\\Projects\\Gulfara\\functions\\node_modules\\cors\\lib\\index.js:199:9)\n    at corsMiddleware (C:\\Users\\muzam\\Projects\\Gulfara\\functions\\node_modules\\cors\\lib\\index.js:204:7)\n    at C:\\Users\\muzam\\Projects\\Gulfara\\functions\\node_modules\\firebase-functions\\lib\\v2\\providers\\https.js:66:5"} {"user":{"severity":"ERROR","message":"logBlocked error TypeError: Cannot read properties of undefined (reading 'serverTimestamp')\n    at C:\\Users\\muzam\\Projects\\Gulfara\\functions\\lib\\index.js:93:44\n    at C:\\Users\\muzam\\Projects\\Gulfara\\functions\\node_modules\\firebase-functions\\lib\\common\\providers\\https.js:566:10\n    at C:\\Users\\muzam\\Projects\\Gulfara\\functions\\node_modules\\firebase-functions\\lib\\v2\\providers\\https.js:67:14\n    at cors (C:\\Users\\muzam\\Projects\\Gulfara\\functions\\node_modules\\cors\\lib\\index.js:188:7)\n    at C:\\Users\\muzam\\Projects\\Gulfara\\functions\\node_modules\\cors\\lib\\index.js:224:17\n    at originCallback (C:\\Users\\muzam\\Projects\\Gulfara\\functions\\node_modules\\cors\\lib\\index.js:214:15)\n    at C:\\Users\\muzam\\Projects\\Gulfara\\functions\\node_modules\\cors\\lib\\index.js:219:13\n    at optionsCallback (C:\\Users\\muzam\\Projects\\Gulfara\\functions\\node_modules\\cors\\lib\\index.js:199:9)\n    at corsMiddleware (C:\\Users\\muzam\\Projects\\Gulfara\\functions\\node_modules\\cors\\lib\\index.js:204:7)\n    at C:\\Users\\muzam\\Projects\\Gulfara\\functions\\node_modules\\firebase-functions\\lib\\v2\\providers\\https.js:66:5"},"metadata":{"emulator":{"name":"functions"},"function":{"name":"us-central1-logBlocked"},"extension":{},"message":"\u001b[90m> \u001b[39m {\"severity\":\"ERROR\",\"message\":\"logBlocked error TypeError: Cannot read properties of undefined (reading 'serverTimestamp')\\n    at C:\\\\Users\\\\muzam\\\\Projects\\\\Gulfara\\\\functions\\\\lib\\\\index.js:93:44\\n    at C:\\\\Users\\\\muzam\\\\Projects\\\\Gulfara\\\\functions\\\\node_modules\\\\firebase-functions\\\\lib\\\\common\\\\providers\\\\https.js:566:10\\n    at C:\\\\Users\\\\muzam\\\\Projects\\\\Gulfara\\\\functions\\\\node_modules\\\\firebase-functions\\\\lib\\\\v2\\\\providers\\\\https.js:67:14\\n    at cors (C:\\\\Users\\\\muzam\\\\Projects\\\\Gulfara\\\\functions\\\\node_modules\\\\cors\\\\lib\\\\index.js:188:7)\\n    at C:\\\\Users\\\\muzam\\\\Projects\\\\Gulfara\\\\functions\\\\node_modules\\\\cors\\\\lib\\\\index.js:224:17\\n    at originCallback (C:\\\\Users\\\\muzam\\\\Projects\\\\Gulfara\\\\functions\\\\node_modules\\\\cors\\\\lib\\\\index.js:214:15)\\n    at C:\\\\Users\\\\muzam\\\\Projects\\\\Gulfara\\\\functions\\\\node_modules\\\\cors\\\\lib\\\\index.js:219:13\\n    at optionsCallback (C:\\\\Users\\\\muzam\\\\Projects\\\\Gulfara\\\\functions\\\\node_modules\\\\cors\\\\lib\\\\index.js:199:9)\\n    at corsMiddleware (C:\\\\Users\\\\muzam\\\\Projects\\\\Gulfara\\\\functions\\\\node_modules\\\\cors\\\\lib\\\\index.js:204:7)\\n    at C:\\\\Users\\\\muzam\\\\Projects\\\\Gulfara\\\\functions\\\\node_modules\\\\firebase-functions\\\\lib\\\\v2\\\\providers\\\\https.js:66:5\"}"}}
[debug] [2025-12-13T13:29:04.034Z] Finishing up request with event=pause {"metadata":{"emulator":{"name":"functions"},"function":{"name":"us-central1-logBlocked"},"extension":{},"message":"Finishing up request with event=pause"}}
[info] i  functions: Finished "us-central1-logBlocked" in 180.9616ms {"metadata":{"emulator":{"name":"functions"},"function":{"name":"us-central1-logBlocked"},"extension":{},"message":"Finished \"us-central1-logBlocked\" in 180.9616ms"}}
[debug] [2025-12-13T13:29:04.035Z] [worker-us-central1-logBlocked-d3334884-7de3-4162-93ad-1d5cfec99f7c]: IDLE {"metadata":{"emulator":{"name":"functions"},"function":{"name":"us-central1-logBlocked"},"extension":{},"message":"[worker-us-central1-logBlocked-d3334884-7de3-4162-93ad-1d5cfec99f7c]: IDLE"}}
[debug] [2025-12-13T13:29:04.035Z] Finishing up request with event=finish {"metadata":{"emulator":{"name":"functions"},"function":{"name":"us-central1-logBlocked"},"extension":{},"message":"Finishing up request with event=finish"}}
[debug] [2025-12-13T13:29:04.036Z] Finishing up request with event=close {"metadata":{"emulator":{"name":"functions"},"function":{"name":"us-central1-logBlocked"},"extension":{},"message":"Finishing up request with event=close"}}
[debug] [2025-12-13T13:29:04.036Z] [work-queue] {"queuedWork":[],"queueLength":0,"runningWork":[],"workRunningCount":0}
[debug] [2025-12-13T13:29:16.042Z] [work-queue] {"queuedWork":["/gulfara-cards/us-central1/logBlocked-2025-12-13T13:29:16.041Z"],"queueLength":1,"runningWork":[],"workRunningCount":0}
[debug] [2025-12-13T13:29:16.042Z] [work-queue] {"queuedWork":[],"queueLength":0,"runningWork":["/gulfara-cards/us-central1/logBlocked-2025-12-13T13:29:16.041Z"],"workRunningCount":1}
[debug] [2025-12-13T13:29:16.042Z] Accepted request POST /gulfara-cards/us-central1/logBlocked --> us-central1-logBlocked
[debug] [2025-12-13T13:29:16.047Z] [functions] Runtime ready! Sending request! {"metadata":{"emulator":{"name":"functions"},"message":"[functions] Runtime ready! Sending request!"}}
[debug] [2025-12-13T13:29:16.047Z] [functions] Got req.url=/gulfara-cards/us-central1/logBlocked, mapping to path=/ {"metadata":{"emulator":{"name":"functions"},"message":"[functions] Got req.url=/gulfara-cards/us-central1/logBlocked, mapping to path=/"}}
[debug] [2025-12-13T13:29:16.048Z] [worker-pool] submitRequest(triggerId=us-central1-logBlocked) {"metadata":{"emulator":{"name":"functions"},"message":"[worker-pool] submitRequest(triggerId=us-central1-logBlocked)"}}
[info] i  functions: Beginning execution of "us-central1-logBlocked" {"metadata":{"emulator":{"name":"functions"},"function":{"name":"us-central1-logBlocked"},"extension":{},"message":"Beginning execution of \"us-central1-logBlocked\""}}
[debug] [2025-12-13T13:29:16.062Z] [worker-us-central1-logBlocked-d3334884-7de3-4162-93ad-1d5cfec99f7c]: BUSY {"metadata":{"emulator":{"name":"functions"},"function":{"name":"us-central1-logBlocked"},"extension":{},"message":"[worker-us-central1-logBlocked-d3334884-7de3-4162-93ad-1d5cfec99f7c]: BUSY"}}
[info] >  {"severity":"ERROR","message":"logBlocked error TypeError: Cannot read properties of undefined (reading 'serverTimestamp')\n    at C:\\Users\\muzam\\Projects\\Gulfara\\functions\\lib\\index.js:93:44\n    at C:\\Users\\muzam\\Projects\\Gulfara\\functions\\node_modules\\firebase-functions\\lib\\common\\providers\\https.js:566:10\n    at C:\\Users\\muzam\\Projects\\Gulfara\\functions\\node_modules\\firebase-functions\\lib\\v2\\providers\\https.js:67:14\n    at cors (C:\\Users\\muzam\\Projects\\Gulfara\\functions\\node_modules\\cors\\lib\\index.js:188:7)\n    at C:\\Users\\muzam\\Projects\\Gulfara\\functions\\node_modules\\cors\\lib\\index.js:224:17\n    at originCallback (C:\\Users\\muzam\\Projects\\Gulfara\\functions\\node_modules\\cors\\lib\\index.js:214:15)\n    at C:\\Users\\muzam\\Projects\\Gulfara\\functions\\node_modules\\cors\\lib\\index.js:219:13\n    at optionsCallback (C:\\Users\\muzam\\Projects\\Gulfara\\functions\\node_modules\\cors\\lib\\index.js:199:9)\n    at corsMiddleware (C:\\Users\\muzam\\Projects\\Gulfara\\functions\\node_modules\\cors\\lib\\index.js:204:7)\n    at C:\\Users\\muzam\\Projects\\Gulfara\\functions\\node_modules\\firebase-functions\\lib\\v2\\providers\\https.js:66:5"} {"user":{"severity":"ERROR","message":"logBlocked error TypeError: Cannot read properties of undefined (reading 'serverTimestamp')\n    at C:\\Users\\muzam\\Projects\\Gulfara\\functions\\lib\\index.js:93:44\n    at C:\\Users\\muzam\\Projects\\Gulfara\\functions\\node_modules\\firebase-functions\\lib\\common\\providers\\https.js:566:10\n    at C:\\Users\\muzam\\Projects\\Gulfara\\functions\\node_modules\\firebase-functions\\lib\\v2\\providers\\https.js:67:14\n    at cors (C:\\Users\\muzam\\Projects\\Gulfara\\functions\\node_modules\\cors\\lib\\index.js:188:7)\n    at C:\\Users\\muzam\\Projects\\Gulfara\\functions\\node_modules\\cors\\lib\\index.js:224:17\n    at originCallback (C:\\Users\\muzam\\Projects\\Gulfara\\functions\\node_modules\\cors\\lib\\index.js:214:15)\n    at C:\\Users\\muzam\\Projects\\Gulfara\\functions\\node_modules\\cors\\lib\\index.js:219:13\n    at optionsCallback (C:\\Users\\muzam\\Projects\\Gulfara\\functions\\node_modules\\cors\\lib\\index.js:199:9)\n    at corsMiddleware (C:\\Users\\muzam\\Projects\\Gulfara\\functions\\node_modules\\cors\\lib\\index.js:204:7)\n    at C:\\Users\\muzam\\Projects\\Gulfara\\functions\\node_modules\\firebase-functions\\lib\\v2\\providers\\https.js:66:5"},"metadata":{"emulator":{"name":"functions"},"function":{"name":"us-central1-logBlocked"},"extension":{},"message":"\u001b[90m> \u001b[39m {\"severity\":\"ERROR\",\"message\":\"logBlocked error TypeError: Cannot read properties of undefined (reading 'serverTimestamp')\\n    at C:\\\\Users\\\\muzam\\\\Projects\\\\Gulfara\\\\functions\\\\lib\\\\index.js:93:44\\n    at C:\\\\Users\\\\muzam\\\\Projects\\\\Gulfara\\\\functions\\\\node_modules\\\\firebase-functions\\\\lib\\\\common\\\\providers\\\\https.js:566:10\\n    at C:\\\\Users\\\\muzam\\\\Projects\\\\Gulfara\\\\functions\\\\node_modules\\\\firebase-functions\\\\lib\\\\v2\\\\providers\\\\https.js:67:14\\n    at cors (C:\\\\Users\\\\muzam\\\\Projects\\\\Gulfara\\\\functions\\\\node_modules\\\\cors\\\\lib\\\\index.js:188:7)\\n    at C:\\\\Users\\\\muzam\\\\Projects\\\\Gulfara\\\\functions\\\\node_modules\\\\cors\\\\lib\\\\index.js:224:17\\n    at originCallback (C:\\\\Users\\\\muzam\\\\Projects\\\\Gulfara\\\\functions\\\\node_modules\\\\cors\\\\lib\\\\index.js:214:15)\\n    at C:\\\\Users\\\\muzam\\\\Projects\\\\Gulfara\\\\functions\\\\node_modules\\\\cors\\\\lib\\\\index.js:219:13\\n    at optionsCallback (C:\\\\Users\\\\muzam\\\\Projects\\\\Gulfara\\\\functions\\\\node_modules\\\\cors\\\\lib\\\\index.js:199:9)\\n    at corsMiddleware (C:\\\\Users\\\\muzam\\\\Projects\\\\Gulfara\\\\functions\\\\node_modules\\\\cors\\\\lib\\\\index.js:204:7)\\n    at C:\\\\Users\\\\muzam\\\\Projects\\\\Gulfara\\\\functions\\\\node_modules\\\\firebase-functions\\\\lib\\\\v2\\\\providers\\\\https.js:66:5\"}"}}
[debug] [2025-12-13T13:29:16.077Z] Finishing up request with event=pause {"metadata":{"emulator":{"name":"functions"},"function":{"name":"us-central1-logBlocked"},"extension":{},"message":"Finishing up request with event=pause"}}
[info] i  functions: Finished "us-central1-logBlocked" in 15.0704ms {"metadata":{"emulator":{"name":"functions"},"function":{"name":"us-central1-logBlocked"},"extension":{},"message":"Finished \"us-central1-logBlocked\" in 15.0704ms"}}
[debug] [2025-12-13T13:29:16.078Z] [worker-us-central1-logBlocked-d3334884-7de3-4162-93ad-1d5cfec99f7c]: IDLE {"metadata":{"emulator":{"name":"functions"},"function":{"name":"us-central1-logBlocked"},"extension":{},"message":"[worker-us-central1-logBlocked-d3334884-7de3-4162-93ad-1d5cfec99f7c]: IDLE"}}
[debug] [2025-12-13T13:29:16.078Z] Finishing up request with event=finish {"metadata":{"emulator":{"name":"functions"},"function":{"name":"us-central1-logBlocked"},"extension":{},"message":"Finishing up request with event=finish"}}
[debug] [2025-12-13T13:29:16.078Z] Finishing up request with event=close {"metadata":{"emulator":{"name":"functions"},"function":{"name":"us-central1-logBlocked"},"extension":{},"message":"Finishing up request with event=close"}}
[debug] [2025-12-13T13:29:16.079Z] [work-queue] {"queuedWork":[],"queueLength":0,"runningWork":[],"workRunningCount":0}
[debug] [2025-12-13T13:29:41.215Z] File C:\Users\muzam\Projects\Gulfara\functions\src\index.ts changed, reloading triggers {"metadata":{"emulator":{"name":"functions"},"message":"File C:\\Users\\muzam\\Projects\\Gulfara\\functions\\src\\index.ts changed, reloading triggers"}}
[debug] [2025-12-13T13:29:42.228Z] Validating nodejs source
[debug] [2025-12-13T13:29:44.439Z] > [functions] package.json contents: {
  "name": "functions",
  "scripts": {
    "lint": "eslint --ext .js,.ts .",
    "build": "tsc",
    "build:watch": "tsc --watch",
    "serve": "npm run build && firebase emulators:start --only functions",
    "shell": "npm run build && firebase functions:shell",
    "start": "npm run shell",
    "deploy": "firebase deploy --only functions",
    "logs": "firebase functions:log"
  },
  "engines": {
    "node": "24"
  },
  "main": "lib/index.js",
  "dependencies": {
    "firebase-admin": "^13.6.0",
    "firebase-functions": "^7.0.0"
  },
  "devDependencies": {
    "@typescript-eslint/eslint-plugin": "^5.12.0",
    "@typescript-eslint/parser": "^5.12.0",
    "eslint": "^8.9.0",
    "eslint-config-google": "^0.14.0",
    "eslint-plugin-import": "^2.25.4",
    "firebase-functions-test": "^3.4.1",
    "typescript": "^5.7.3"
  },
  "private": true
}
[debug] [2025-12-13T13:29:44.439Z] Building nodejs source
[debug] [2025-12-13T13:29:44.439Z] Failed to find version of module node: reached end of search path C:\Users\muzam\Projects\Gulfara\functions\node_modules
[warn] !  functions: Your requested "node" version "24" doesn't match your global version "20". Using node@20 from host. 
[debug] [2025-12-13T13:29:44.441Z] Could not find functions.yaml. Must use http discovery
[debug] [2025-12-13T13:29:44.460Z] Found firebase-functions binary at 'C:\Users\muzam\Projects\Gulfara\functions\node_modules\.bin\firebase-functions'
[info] Serving at port 8950

[debug] [2025-12-13T13:29:46.263Z] Got response from /__/functions.yaml {"endpoints":{"helloWorld":{"availableMemoryMb":null,"timeoutSeconds":null,"minInstances":null,"maxInstances":10,"ingressSettings":null,"concurrency":null,"serviceAccountEmail":null,"vpc":null,"platform":"gcfv2","labels":{},"httpsTrigger":{},"entryPoint":"helloWorld"},"logBlocked":{"availableMemoryMb":null,"timeoutSeconds":null,"minInstances":null,"maxInstances":10,"ingressSettings":null,"concurrency":null,"serviceAccountEmail":null,"vpc":null,"platform":"gcfv2","labels":{},"httpsTrigger":{},"entryPoint":"logBlocked"}},"specVersion":"v1alpha1","requiredAPIs":[],"extensions":{}}
[info] +  functions: Loaded functions definitions from source: helloWorld, logBlocked. {"metadata":{"emulator":{"name":"functions"},"message":"Loaded functions definitions from source: helloWorld, logBlocked."}}
[debug] [2025-12-13T13:29:50.300Z] [worker-pool] Shutting down IDLE worker (us-central1-logBlocked) {"metadata":{"emulator":{"name":"functions"},"message":"[worker-pool] Shutting down IDLE worker (us-central1-logBlocked)"}}
[debug] [2025-12-13T13:29:50.300Z] [worker-us-central1-logBlocked-d3334884-7de3-4162-93ad-1d5cfec99f7c]: FINISHING {"metadata":{"emulator":{"name":"functions"},"function":{"name":"us-central1-logBlocked"},"extension":{},"message":"[worker-us-central1-logBlocked-d3334884-7de3-4162-93ad-1d5cfec99f7c]: FINISHING"}}
[debug] [2025-12-13T13:29:50.312Z] [worker-us-central1-logBlocked-d3334884-7de3-4162-93ad-1d5cfec99f7c]: exited {"metadata":{"emulator":{"name":"functions"},"function":{"name":"us-central1-logBlocked"},"extension":{},"message":"[worker-us-central1-logBlocked-d3334884-7de3-4162-93ad-1d5cfec99f7c]: exited"}}
[debug] [2025-12-13T13:29:50.312Z] [worker-us-central1-logBlocked-d3334884-7de3-4162-93ad-1d5cfec99f7c]: FINISHED {"metadata":{"emulator":{"name":"functions"},"function":{"name":"us-central1-logBlocked"},"extension":{},"message":"[worker-us-central1-logBlocked-d3334884-7de3-4162-93ad-1d5cfec99f7c]: FINISHED"}}
[debug] [2025-12-13T13:30:37.257Z] File C:\Users\muzam\Projects\Gulfara\functions\lib\index.js.map changed, reloading triggers {"metadata":{"emulator":{"name":"functions"},"message":"File C:\\Users\\muzam\\Projects\\Gulfara\\functions\\lib\\index.js.map changed, reloading triggers"}}
[debug] [2025-12-13T13:30:37.267Z] File C:\Users\muzam\Projects\Gulfara\functions\lib\index.js changed, reloading triggers {"metadata":{"emulator":{"name":"functions"},"message":"File C:\\Users\\muzam\\Projects\\Gulfara\\functions\\lib\\index.js changed, reloading triggers"}}
[debug] [2025-12-13T13:30:38.281Z] Validating nodejs source
[debug] [2025-12-13T13:30:39.872Z] > [functions] package.json contents: {
  "name": "functions",
  "scripts": {
    "lint": "eslint --ext .js,.ts .",
    "build": "tsc",
    "build:watch": "tsc --watch",
    "serve": "npm run build && firebase emulators:start --only functions",
    "shell": "npm run build && firebase functions:shell",
    "start": "npm run shell",
    "deploy": "firebase deploy --only functions",
    "logs": "firebase functions:log"
  },
  "engines": {
    "node": "24"
  },
  "main": "lib/index.js",
  "dependencies": {
    "firebase-admin": "^13.6.0",
    "firebase-functions": "^7.0.0"
  },
  "devDependencies": {
    "@typescript-eslint/eslint-plugin": "^5.12.0",
    "@typescript-eslint/parser": "^5.12.0",
    "eslint": "^8.9.0",
    "eslint-config-google": "^0.14.0",
    "eslint-plugin-import": "^2.25.4",
    "firebase-functions-test": "^3.4.1",
    "typescript": "^5.7.3"
  },
  "private": true
}
[debug] [2025-12-13T13:30:39.873Z] Building nodejs source
[debug] [2025-12-13T13:30:39.873Z] Failed to find version of module node: reached end of search path C:\Users\muzam\Projects\Gulfara\functions\node_modules
[warn] !  functions: Your requested "node" version "24" doesn't match your global version "20". Using node@20 from host. 
[debug] [2025-12-13T13:30:39.875Z] Could not find functions.yaml. Must use http discovery
[debug] [2025-12-13T13:30:39.897Z] Found firebase-functions binary at 'C:\Users\muzam\Projects\Gulfara\functions\node_modules\.bin\firebase-functions'
[info] Serving at port 8936

[debug] [2025-12-13T13:30:42.220Z] Got response from /__/functions.yaml {"endpoints":{"helloWorld":{"availableMemoryMb":null,"timeoutSeconds":null,"minInstances":null,"maxInstances":10,"ingressSettings":null,"concurrency":null,"serviceAccountEmail":null,"vpc":null,"platform":"gcfv2","labels":{},"httpsTrigger":{},"entryPoint":"helloWorld"},"logBlocked":{"availableMemoryMb":null,"timeoutSeconds":null,"minInstances":null,"maxInstances":10,"ingressSettings":null,"concurrency":null,"serviceAccountEmail":null,"vpc":null,"platform":"gcfv2","labels":{},"httpsTrigger":{},"entryPoint":"logBlocked"}},"specVersion":"v1alpha1","requiredAPIs":[],"extensions":{}}
[info] +  functions: Loaded functions definitions from source: helloWorld, logBlocked. {"metadata":{"emulator":{"name":"functions"},"message":"Loaded functions definitions from source: helloWorld, logBlocked."}}
[debug] [2025-12-13T13:30:46.452Z] [work-queue] {"queuedWork":["/gulfara-cards/us-central1/logBlocked-2025-12-13T13:30:46.452Z"],"queueLength":1,"runningWork":[],"workRunningCount":0}
[debug] [2025-12-13T13:30:46.452Z] [work-queue] {"queuedWork":[],"queueLength":0,"runningWork":["/gulfara-cards/us-central1/logBlocked-2025-12-13T13:30:46.452Z"],"workRunningCount":1}
[debug] [2025-12-13T13:30:46.453Z] Accepted request POST /gulfara-cards/us-central1/logBlocked --> us-central1-logBlocked
[debug] [2025-12-13T13:30:46.462Z] [functions] Runtime ready! Sending request! {"metadata":{"emulator":{"name":"functions"},"message":"[functions] Runtime ready! Sending request!"}}
[debug] [2025-12-13T13:30:46.462Z] [functions] Got req.url=/gulfara-cards/us-central1/logBlocked, mapping to path=/ {"metadata":{"emulator":{"name":"functions"},"message":"[functions] Got req.url=/gulfara-cards/us-central1/logBlocked, mapping to path=/"}}
[debug] [2025-12-13T13:30:46.463Z] [worker-pool] Cleaned up workers for us-central1-logBlocked: 1 --> 0 {"metadata":{"emulator":{"name":"functions"},"message":"[worker-pool] Cleaned up workers for us-central1-logBlocked: 1 --> 0"}}
[debug] [2025-12-13T13:30:46.524Z] [worker-pool] addWorker(us-central1-logBlocked) {"metadata":{"emulator":{"name":"functions"},"message":"[worker-pool] addWorker(us-central1-logBlocked)"}}
[debug] [2025-12-13T13:30:46.525Z] [worker-pool] Adding worker with key us-central1-logBlocked, total=1 {"metadata":{"emulator":{"name":"functions"},"message":"[worker-pool] Adding worker with key us-central1-logBlocked, total=1"}}
[debug] [2025-12-13T13:30:49.846Z] [runtime-status] [32096] Resolved module firebase-admin {"declared":true,"installed":true,"version":"13.6.0","resolution":"C:\\Users\\muzam\\Projects\\Gulfara\\functions\\node_modules\\firebase-admin\\lib\\index.js"} {"metadata":{"emulator":{"name":"functions"},"function":{"name":"us-central1-logBlocked"},"extension":{},"message":"[runtime-status] [32096] Resolved module firebase-admin {\"declared\":true,\"installed\":true,\"version\":\"13.6.0\",\"resolution\":\"C:\\\\Users\\\\muzam\\\\Projects\\\\Gulfara\\\\functions\\\\node_modules\\\\firebase-admin\\\\lib\\\\index.js\"}"}}
[debug] [2025-12-13T13:30:49.852Z] [runtime-status] [32096] Resolved module firebase-functions {"declared":true,"installed":true,"version":"7.0.1","resolution":"C:\\Users\\muzam\\Projects\\Gulfara\\functions\\node_modules\\firebase-functions\\lib\\v2\\index.js"} {"metadata":{"emulator":{"name":"functions"},"function":{"name":"us-central1-logBlocked"},"extension":{},"message":"[runtime-status] [32096] Resolved module firebase-functions {\"declared\":true,\"installed\":true,\"version\":\"7.0.1\",\"resolution\":\"C:\\\\Users\\\\muzam\\\\Projects\\\\Gulfara\\\\functions\\\\node_modules\\\\firebase-functions\\\\lib\\\\v2\\\\index.js\"}"}}
[debug] [2025-12-13T13:30:49.853Z] [runtime-status] [32096] Outgoing network have been stubbed. [{"name":"http","status":"mocked"},{"name":"http","status":"mocked"},{"name":"https","status":"mocked"},{"name":"https","status":"mocked"},{"name":"net","status":"mocked"}] {"metadata":{"emulator":{"name":"functions"},"function":{"name":"us-central1-logBlocked"},"extension":{},"message":"[runtime-status] [32096] Outgoing network have been stubbed. [{\"name\":\"http\",\"status\":\"mocked\"},{\"name\":\"http\",\"status\":\"mocked\"},{\"name\":\"https\",\"status\":\"mocked\"},{\"name\":\"https\",\"status\":\"mocked\"},{\"name\":\"net\",\"status\":\"mocked\"}]"}}
[debug] [2025-12-13T13:30:49.856Z] [runtime-status] [32096] Resolved module firebase-functions {"declared":true,"installed":true,"version":"7.0.1","resolution":"C:\\Users\\muzam\\Projects\\Gulfara\\functions\\node_modules\\firebase-functions\\lib\\v2\\index.js"} {"metadata":{"emulator":{"name":"functions"},"function":{"name":"us-central1-logBlocked"},"extension":{},"message":"[runtime-status] [32096] Resolved module firebase-functions {\"declared\":true,\"installed\":true,\"version\":\"7.0.1\",\"resolution\":\"C:\\\\Users\\\\muzam\\\\Projects\\\\Gulfara\\\\functions\\\\node_modules\\\\firebase-functions\\\\lib\\\\v2\\\\index.js\"}"}}
[debug] [2025-12-13T13:30:49.856Z] [runtime-status] [32096] Detected firebase-functions v7+, skipping legacy stubs. {"metadata":{"emulator":{"name":"functions"},"function":{"name":"us-central1-logBlocked"},"extension":{},"message":"[runtime-status] [32096] Detected firebase-functions v7+, skipping legacy stubs."}}
[debug] [2025-12-13T13:30:49.858Z] [runtime-status] [32096] Resolved module firebase-admin {"declared":true,"installed":true,"version":"13.6.0","resolution":"C:\\Users\\muzam\\Projects\\Gulfara\\functions\\node_modules\\firebase-admin\\lib\\index.js"} {"metadata":{"emulator":{"name":"functions"},"function":{"name":"us-central1-logBlocked"},"extension":{},"message":"[runtime-status] [32096] Resolved module firebase-admin {\"declared\":true,\"installed\":true,\"version\":\"13.6.0\",\"resolution\":\"C:\\\\Users\\\\muzam\\\\Projects\\\\Gulfara\\\\functions\\\\node_modules\\\\firebase-admin\\\\lib\\\\index.js\"}"}}
[debug] [2025-12-13T13:30:50.142Z] [runtime-status] [32096] Resolved module firebase-functions {"declared":true,"installed":true,"version":"7.0.1","resolution":"C:\\Users\\muzam\\Projects\\Gulfara\\functions\\node_modules\\firebase-functions\\lib\\v2\\index.js"} {"metadata":{"emulator":{"name":"functions"},"function":{"name":"us-central1-logBlocked"},"extension":{},"message":"[runtime-status] [32096] Resolved module firebase-functions {\"declared\":true,\"installed\":true,\"version\":\"7.0.1\",\"resolution\":\"C:\\\\Users\\\\muzam\\\\Projects\\\\Gulfara\\\\functions\\\\node_modules\\\\firebase-functions\\\\lib\\\\v2\\\\index.js\"}"}}
[debug] [2025-12-13T13:30:50.998Z] [runtime-status] [32096] firebase-admin has been stubbed. {"adminResolution":{"declared":true,"installed":true,"version":"13.6.0","resolution":"C:\\Users\\muzam\\Projects\\Gulfara\\functions\\node_modules\\firebase-admin\\lib\\index.js"}} {"metadata":{"emulator":{"name":"functions"},"function":{"name":"us-central1-logBlocked"},"extension":{},"message":"[runtime-status] [32096] firebase-admin has been stubbed. {\"adminResolution\":{\"declared\":true,\"installed\":true,\"version\":\"13.6.0\",\"resolution\":\"C:\\\\Users\\\\muzam\\\\Projects\\\\Gulfara\\\\functions\\\\node_modules\\\\firebase-admin\\\\lib\\\\index.js\"}}"}}
[debug] [2025-12-13T13:30:51.006Z] [runtime-status] [32096] initializeApp(DEFAULT) {"storageBucket":"gulfara-cards.firebasestorage.app","projectId":"gulfara-cards"} {"metadata":{"emulator":{"name":"functions"},"function":{"name":"us-central1-logBlocked"},"extension":{},"message":"[runtime-status] [32096] initializeApp(DEFAULT) {\"storageBucket\":\"gulfara-cards.firebasestorage.app\",\"projectId\":\"gulfara-cards\"}"}}
[debug] [2025-12-13T13:30:51.023Z] [runtime-status] [32096] Functions runtime initialized. {"cwd":"C:\\Users\\muzam\\Projects\\Gulfara\\functions","node_version":"20.19.5"} {"metadata":{"emulator":{"name":"functions"},"function":{"name":"us-central1-logBlocked"},"extension":{},"message":"[runtime-status] [32096] Functions runtime initialized. {\"cwd\":\"C:\\\\Users\\\\muzam\\\\Projects\\\\Gulfara\\\\functions\",\"node_version\":\"20.19.5\"}"}}
[debug] [2025-12-13T13:30:51.024Z] [runtime-status] [32096] Listening to port: \\?\pipe\fire_emu_352b27ddb2f27f60 {"metadata":{"emulator":{"name":"functions"},"function":{"name":"us-central1-logBlocked"},"extension":{},"message":"[runtime-status] [32096] Listening to port: \\\\?\\pipe\\fire_emu_352b27ddb2f27f60"}}
[debug] [2025-12-13T13:30:51.063Z] [worker-us-central1-logBlocked-27478603-fbcd-4c85-a87a-1749e89007f8]: IDLE {"metadata":{"emulator":{"name":"functions"},"function":{"name":"us-central1-logBlocked"},"extension":{},"message":"[worker-us-central1-logBlocked-27478603-fbcd-4c85-a87a-1749e89007f8]: IDLE"}}
[debug] [2025-12-13T13:30:51.064Z] [worker-pool] submitRequest(triggerId=us-central1-logBlocked) {"metadata":{"emulator":{"name":"functions"},"message":"[worker-pool] submitRequest(triggerId=us-central1-logBlocked)"}}
[info] i  functions: Beginning execution of "us-central1-logBlocked" {"metadata":{"emulator":{"name":"functions"},"function":{"name":"us-central1-logBlocked"},"extension":{},"message":"Beginning execution of \"us-central1-logBlocked\""}}
[debug] [2025-12-13T13:30:51.065Z] [worker-us-central1-logBlocked-27478603-fbcd-4c85-a87a-1749e89007f8]: BUSY {"metadata":{"emulator":{"name":"functions"},"function":{"name":"us-central1-logBlocked"},"extension":{},"message":"[worker-us-central1-logBlocked-27478603-fbcd-4c85-a87a-1749e89007f8]: BUSY"}}
[info] >  {"severity":"ERROR","message":"logBlocked error TypeError: Cannot read properties of undefined (reading 'now')\n    at C:\\Users\\muzam\\Projects\\Gulfara\\functions\\lib\\index.js:93:43\n    at C:\\Users\\muzam\\Projects\\Gulfara\\functions\\node_modules\\firebase-functions\\lib\\common\\providers\\https.js:566:10\n    at C:\\Users\\muzam\\Projects\\Gulfara\\functions\\node_modules\\firebase-functions\\lib\\v2\\providers\\https.js:67:14\n    at cors (C:\\Users\\muzam\\Projects\\Gulfara\\functions\\node_modules\\cors\\lib\\index.js:188:7)\n    at C:\\Users\\muzam\\Projects\\Gulfara\\functions\\node_modules\\cors\\lib\\index.js:224:17\n    at originCallback (C:\\Users\\muzam\\Projects\\Gulfara\\functions\\node_modules\\cors\\lib\\index.js:214:15)\n    at C:\\Users\\muzam\\Projects\\Gulfara\\functions\\node_modules\\cors\\lib\\index.js:219:13\n    at optionsCallback (C:\\Users\\muzam\\Projects\\Gulfara\\functions\\node_modules\\cors\\lib\\index.js:199:9)\n    at corsMiddleware (C:\\Users\\muzam\\Projects\\Gulfara\\functions\\node_modules\\cors\\lib\\index.js:204:7)\n    at C:\\Users\\muzam\\Projects\\Gulfara\\functions\\node_modules\\firebase-functions\\lib\\v2\\providers\\https.js:66:5"} {"user":{"severity":"ERROR","message":"logBlocked error TypeError: Cannot read properties of undefined (reading 'now')\n    at C:\\Users\\muzam\\Projects\\Gulfara\\functions\\lib\\index.js:93:43\n    at C:\\Users\\muzam\\Projects\\Gulfara\\functions\\node_modules\\firebase-functions\\lib\\common\\providers\\https.js:566:10\n    at C:\\Users\\muzam\\Projects\\Gulfara\\functions\\node_modules\\firebase-functions\\lib\\v2\\providers\\https.js:67:14\n    at cors (C:\\Users\\muzam\\Projects\\Gulfara\\functions\\node_modules\\cors\\lib\\index.js:188:7)\n    at C:\\Users\\muzam\\Projects\\Gulfara\\functions\\node_modules\\cors\\lib\\index.js:224:17\n    at originCallback (C:\\Users\\muzam\\Projects\\Gulfara\\functions\\node_modules\\cors\\lib\\index.js:214:15)\n    at C:\\Users\\muzam\\Projects\\Gulfara\\functions\\node_modules\\cors\\lib\\index.js:219:13\n    at optionsCallback (C:\\Users\\muzam\\Projects\\Gulfara\\functions\\node_modules\\cors\\lib\\index.js:199:9)\n    at corsMiddleware (C:\\Users\\muzam\\Projects\\Gulfara\\functions\\node_modules\\cors\\lib\\index.js:204:7)\n    at C:\\Users\\muzam\\Projects\\Gulfara\\functions\\node_modules\\firebase-functions\\lib\\v2\\providers\\https.js:66:5"},"metadata":{"emulator":{"name":"functions"},"function":{"name":"us-central1-logBlocked"},"extension":{},"message":"\u001b[90m> \u001b[39m {\"severity\":\"ERROR\",\"message\":\"logBlocked error TypeError: Cannot read properties of undefined (reading 'now')\\n    at C:\\\\Users\\\\muzam\\\\Projects\\\\Gulfara\\\\functions\\\\lib\\\\index.js:93:43\\n    at C:\\\\Users\\\\muzam\\\\Projects\\\\Gulfara\\\\functions\\\\node_modules\\\\firebase-functions\\\\lib\\\\common\\\\providers\\\\https.js:566:10\\n    at C:\\\\Users\\\\muzam\\\\Projects\\\\Gulfara\\\\functions\\\\node_modules\\\\firebase-functions\\\\lib\\\\v2\\\\providers\\\\https.js:67:14\\n    at cors (C:\\\\Users\\\\muzam\\\\Projects\\\\Gulfara\\\\functions\\\\node_modules\\\\cors\\\\lib\\\\index.js:188:7)\\n    at C:\\\\Users\\\\muzam\\\\Projects\\\\Gulfara\\\\functions\\\\node_modules\\\\cors\\\\lib\\\\index.js:224:17\\n    at originCallback (C:\\\\Users\\\\muzam\\\\Projects\\\\Gulfara\\\\functions\\\\node_modules\\\\cors\\\\lib\\\\index.js:214:15)\\n    at C:\\\\Users\\\\muzam\\\\Projects\\\\Gulfara\\\\functions\\\\node_modules\\\\cors\\\\lib\\\\index.js:219:13\\n    at optionsCallback (C:\\\\Users\\\\muzam\\\\Projects\\\\Gulfara\\\\functions\\\\node_modules\\\\cors\\\\lib\\\\index.js:199:9)\\n    at corsMiddleware (C:\\\\Users\\\\muzam\\\\Projects\\\\Gulfara\\\\functions\\\\node_modules\\\\cors\\\\lib\\\\index.js:204:7)\\n    at C:\\\\Users\\\\muzam\\\\Projects\\\\Gulfara\\\\functions\\\\node_modules\\\\firebase-functions\\\\lib\\\\v2\\\\providers\\\\https.js:66:5\"}"}}
[debug] [2025-12-13T13:30:51.115Z] Finishing up request with event=pause {"metadata":{"emulator":{"name":"functions"},"function":{"name":"us-central1-logBlocked"},"extension":{},"message":"Finishing up request with event=pause"}}
[info] i  functions: Finished "us-central1-logBlocked" in 49.9285ms {"metadata":{"emulator":{"name":"functions"},"function":{"name":"us-central1-logBlocked"},"extension":{},"message":"Finished \"us-central1-logBlocked\" in 49.9285ms"}}
[debug] [2025-12-13T13:30:51.116Z] [worker-us-central1-logBlocked-27478603-fbcd-4c85-a87a-1749e89007f8]: IDLE {"metadata":{"emulator":{"name":"functions"},"function":{"name":"us-central1-logBlocked"},"extension":{},"message":"[worker-us-central1-logBlocked-27478603-fbcd-4c85-a87a-1749e89007f8]: IDLE"}}
[debug] [2025-12-13T13:30:51.116Z] Finishing up request with event=finish {"metadata":{"emulator":{"name":"functions"},"function":{"name":"us-central1-logBlocked"},"extension":{},"message":"Finishing up request with event=finish"}}
[debug] [2025-12-13T13:30:51.117Z] Finishing up request with event=close {"metadata":{"emulator":{"name":"functions"},"function":{"name":"us-central1-logBlocked"},"extension":{},"message":"Finishing up request with event=close"}}
[debug] [2025-12-13T13:30:51.117Z] [work-queue] {"queuedWork":[],"queueLength":0,"runningWork":[],"workRunningCount":0}
[debug] [2025-12-13T13:31:14.543Z] Dec 13, 2025 4:31:14 PM io.gapi.emulators.netty.HttpVersionRoutingHandler channelRead
INFO: Detected non-HTTP/2 connection.
 {"metadata":{"emulator":{"name":"firestore"},"message":"Dec 13, 2025 4:31:14 PM io.gapi.emulators.netty.HttpVersionRoutingHandler channelRead\r\nINFO: Detected non-HTTP/2 connection.\r\n"}}
[debug] [2025-12-13T13:31:14.683Z] Dec 13, 2025 4:31:14 PM io.gapi.emulators.netty.HttpVersionRoutingHandler channelRead
INFO: Detected HTTP/2 connection.
 {"metadata":{"emulator":{"name":"firestore"},"message":"Dec 13, 2025 4:31:14 PM io.gapi.emulators.netty.HttpVersionRoutingHandler channelRead\r\nINFO: Detected HTTP/2 connection.\r\n"}}
[debug] [2025-12-13T13:31:30.233Z] File C:\Users\muzam\Projects\Gulfara\functions\src\index.ts changed, reloading triggers {"metadata":{"emulator":{"name":"functions"},"message":"File C:\\Users\\muzam\\Projects\\Gulfara\\functions\\src\\index.ts changed, reloading triggers"}}
[debug] [2025-12-13T13:31:31.239Z] Validating nodejs source
[debug] [2025-12-13T13:31:34.598Z] > [functions] package.json contents: {
  "name": "functions",
  "scripts": {
    "lint": "eslint --ext .js,.ts .",
    "build": "tsc",
    "build:watch": "tsc --watch",
    "serve": "npm run build && firebase emulators:start --only functions",
    "shell": "npm run build && firebase functions:shell",
    "start": "npm run shell",
    "deploy": "firebase deploy --only functions",
    "logs": "firebase functions:log"
  },
  "engines": {
    "node": "24"
  },
  "main": "lib/index.js",
  "dependencies": {
    "firebase-admin": "^13.6.0",
    "firebase-functions": "^7.0.0"
  },
  "devDependencies": {
    "@typescript-eslint/eslint-plugin": "^5.12.0",
    "@typescript-eslint/parser": "^5.12.0",
    "eslint": "^8.9.0",
    "eslint-config-google": "^0.14.0",
    "eslint-plugin-import": "^2.25.4",
    "firebase-functions-test": "^3.4.1",
    "typescript": "^5.7.3"
  },
  "private": true
}
[debug] [2025-12-13T13:31:34.598Z] Building nodejs source
[debug] [2025-12-13T13:31:34.599Z] Failed to find version of module node: reached end of search path C:\Users\muzam\Projects\Gulfara\functions\node_modules
[warn] !  functions: Your requested "node" version "24" doesn't match your global version "20". Using node@20 from host. 
[debug] [2025-12-13T13:31:34.602Z] Could not find functions.yaml. Must use http discovery
[debug] [2025-12-13T13:31:34.633Z] Found firebase-functions binary at 'C:\Users\muzam\Projects\Gulfara\functions\node_modules\.bin\firebase-functions'
[info] Serving at port 8363

[debug] [2025-12-13T13:31:37.566Z] Got response from /__/functions.yaml {"endpoints":{"helloWorld":{"availableMemoryMb":null,"timeoutSeconds":null,"minInstances":null,"maxInstances":10,"ingressSettings":null,"concurrency":null,"serviceAccountEmail":null,"vpc":null,"platform":"gcfv2","labels":{},"httpsTrigger":{},"entryPoint":"helloWorld"},"logBlocked":{"availableMemoryMb":null,"timeoutSeconds":null,"minInstances":null,"maxInstances":10,"ingressSettings":null,"concurrency":null,"serviceAccountEmail":null,"vpc":null,"platform":"gcfv2","labels":{},"httpsTrigger":{},"entryPoint":"logBlocked"}},"specVersion":"v1alpha1","requiredAPIs":[],"extensions":{}}
[info] +  functions: Loaded functions definitions from source: helloWorld, logBlocked. {"metadata":{"emulator":{"name":"functions"},"message":"Loaded functions definitions from source: helloWorld, logBlocked."}}
[debug] [2025-12-13T13:31:41.622Z] [worker-pool] Shutting down IDLE worker (us-central1-logBlocked) {"metadata":{"emulator":{"name":"functions"},"message":"[worker-pool] Shutting down IDLE worker (us-central1-logBlocked)"}}
[debug] [2025-12-13T13:31:41.622Z] [worker-us-central1-logBlocked-27478603-fbcd-4c85-a87a-1749e89007f8]: FINISHING {"metadata":{"emulator":{"name":"functions"},"function":{"name":"us-central1-logBlocked"},"extension":{},"message":"[worker-us-central1-logBlocked-27478603-fbcd-4c85-a87a-1749e89007f8]: FINISHING"}}
[debug] [2025-12-13T13:31:41.641Z] [worker-us-central1-logBlocked-27478603-fbcd-4c85-a87a-1749e89007f8]: exited {"metadata":{"emulator":{"name":"functions"},"function":{"name":"us-central1-logBlocked"},"extension":{},"message":"[worker-us-central1-logBlocked-27478603-fbcd-4c85-a87a-1749e89007f8]: exited"}}
[debug] [2025-12-13T13:31:41.642Z] [worker-us-central1-logBlocked-27478603-fbcd-4c85-a87a-1749e89007f8]: FINISHED {"metadata":{"emulator":{"name":"functions"},"function":{"name":"us-central1-logBlocked"},"extension":{},"message":"[worker-us-central1-logBlocked-27478603-fbcd-4c85-a87a-1749e89007f8]: FINISHED"}}
[debug] [2025-12-13T13:31:50.958Z] File C:\Users\muzam\Projects\Gulfara\functions\lib\index.js.map changed, reloading triggers {"metadata":{"emulator":{"name":"functions"},"message":"File C:\\Users\\muzam\\Projects\\Gulfara\\functions\\lib\\index.js.map changed, reloading triggers"}}
[debug] [2025-12-13T13:31:50.973Z] File C:\Users\muzam\Projects\Gulfara\functions\lib\index.js changed, reloading triggers {"metadata":{"emulator":{"name":"functions"},"message":"File C:\\Users\\muzam\\Projects\\Gulfara\\functions\\lib\\index.js changed, reloading triggers"}}
[debug] [2025-12-13T13:31:51.978Z] Validating nodejs source
[debug] [2025-12-13T13:31:53.942Z] > [functions] package.json contents: {
  "name": "functions",
  "scripts": {
    "lint": "eslint --ext .js,.ts .",
    "build": "tsc",
    "build:watch": "tsc --watch",
    "serve": "npm run build && firebase emulators:start --only functions",
    "shell": "npm run build && firebase functions:shell",
    "start": "npm run shell",
    "deploy": "firebase deploy --only functions",
    "logs": "firebase functions:log"
  },
  "engines": {
    "node": "24"
  },
  "main": "lib/index.js",
  "dependencies": {
    "firebase-admin": "^13.6.0",
    "firebase-functions": "^7.0.0"
  },
  "devDependencies": {
    "@typescript-eslint/eslint-plugin": "^5.12.0",
    "@typescript-eslint/parser": "^5.12.0",
    "eslint": "^8.9.0",
    "eslint-config-google": "^0.14.0",
    "eslint-plugin-import": "^2.25.4",
    "firebase-functions-test": "^3.4.1",
    "typescript": "^5.7.3"
  },
  "private": true
}
[debug] [2025-12-13T13:31:53.943Z] Building nodejs source
[debug] [2025-12-13T13:31:53.943Z] Failed to find version of module node: reached end of search path C:\Users\muzam\Projects\Gulfara\functions\node_modules
[warn] !  functions: Your requested "node" version "24" doesn't match your global version "20". Using node@20 from host. 
[debug] [2025-12-13T13:31:53.945Z] Could not find functions.yaml. Must use http discovery
[debug] [2025-12-13T13:31:53.965Z] Found firebase-functions binary at 'C:\Users\muzam\Projects\Gulfara\functions\node_modules\.bin\firebase-functions'
[info] Serving at port 8296

[debug] [2025-12-13T13:31:55.948Z] Got response from /__/functions.yaml {"endpoints":{"helloWorld":{"availableMemoryMb":null,"timeoutSeconds":null,"minInstances":null,"maxInstances":10,"ingressSettings":null,"concurrency":null,"serviceAccountEmail":null,"vpc":null,"platform":"gcfv2","labels":{},"httpsTrigger":{},"entryPoint":"helloWorld"},"logBlocked":{"availableMemoryMb":null,"timeoutSeconds":null,"minInstances":null,"maxInstances":10,"ingressSettings":null,"concurrency":null,"serviceAccountEmail":null,"vpc":null,"platform":"gcfv2","labels":{},"httpsTrigger":{},"entryPoint":"logBlocked"}},"specVersion":"v1alpha1","requiredAPIs":[],"extensions":{}}
[info] +  functions: Loaded functions definitions from source: helloWorld, logBlocked. {"metadata":{"emulator":{"name":"functions"},"message":"Loaded functions definitions from source: helloWorld, logBlocked."}}
[debug] [2025-12-13T13:32:00.350Z] [work-queue] {"queuedWork":["/gulfara-cards/us-central1/logBlocked-2025-12-13T13:32:00.350Z"],"queueLength":1,"runningWork":[],"workRunningCount":0}
[debug] [2025-12-13T13:32:00.351Z] [work-queue] {"queuedWork":[],"queueLength":0,"runningWork":["/gulfara-cards/us-central1/logBlocked-2025-12-13T13:32:00.350Z"],"workRunningCount":1}
[debug] [2025-12-13T13:32:00.351Z] Accepted request POST /gulfara-cards/us-central1/logBlocked --> us-central1-logBlocked
[debug] [2025-12-13T13:32:00.355Z] [functions] Runtime ready! Sending request! {"metadata":{"emulator":{"name":"functions"},"message":"[functions] Runtime ready! Sending request!"}}
[debug] [2025-12-13T13:32:00.356Z] [functions] Got req.url=/gulfara-cards/us-central1/logBlocked, mapping to path=/ {"metadata":{"emulator":{"name":"functions"},"message":"[functions] Got req.url=/gulfara-cards/us-central1/logBlocked, mapping to path=/"}}
[debug] [2025-12-13T13:32:00.357Z] [worker-pool] Cleaned up workers for us-central1-logBlocked: 1 --> 0 {"metadata":{"emulator":{"name":"functions"},"message":"[worker-pool] Cleaned up workers for us-central1-logBlocked: 1 --> 0"}}
[debug] [2025-12-13T13:32:00.407Z] [worker-pool] addWorker(us-central1-logBlocked) {"metadata":{"emulator":{"name":"functions"},"message":"[worker-pool] addWorker(us-central1-logBlocked)"}}
[debug] [2025-12-13T13:32:00.407Z] [worker-pool] Adding worker with key us-central1-logBlocked, total=1 {"metadata":{"emulator":{"name":"functions"},"message":"[worker-pool] Adding worker with key us-central1-logBlocked, total=1"}}
[debug] [2025-12-13T13:32:02.927Z] [runtime-status] [17636] Resolved module firebase-admin {"declared":true,"installed":true,"version":"13.6.0","resolution":"C:\\Users\\muzam\\Projects\\Gulfara\\functions\\node_modules\\firebase-admin\\lib\\index.js"} {"metadata":{"emulator":{"name":"functions"},"function":{"name":"us-central1-logBlocked"},"extension":{},"message":"[runtime-status] [17636] Resolved module firebase-admin {\"declared\":true,\"installed\":true,\"version\":\"13.6.0\",\"resolution\":\"C:\\\\Users\\\\muzam\\\\Projects\\\\Gulfara\\\\functions\\\\node_modules\\\\firebase-admin\\\\lib\\\\index.js\"}"}}
[debug] [2025-12-13T13:32:02.931Z] [runtime-status] [17636] Resolved module firebase-functions {"declared":true,"installed":true,"version":"7.0.1","resolution":"C:\\Users\\muzam\\Projects\\Gulfara\\functions\\node_modules\\firebase-functions\\lib\\v2\\index.js"} {"metadata":{"emulator":{"name":"functions"},"function":{"name":"us-central1-logBlocked"},"extension":{},"message":"[runtime-status] [17636] Resolved module firebase-functions {\"declared\":true,\"installed\":true,\"version\":\"7.0.1\",\"resolution\":\"C:\\\\Users\\\\muzam\\\\Projects\\\\Gulfara\\\\functions\\\\node_modules\\\\firebase-functions\\\\lib\\\\v2\\\\index.js\"}"}}
[debug] [2025-12-13T13:32:02.932Z] [runtime-status] [17636] Outgoing network have been stubbed. [{"name":"http","status":"mocked"},{"name":"http","status":"mocked"},{"name":"https","status":"mocked"},{"name":"https","status":"mocked"},{"name":"net","status":"mocked"}] {"metadata":{"emulator":{"name":"functions"},"function":{"name":"us-central1-logBlocked"},"extension":{},"message":"[runtime-status] [17636] Outgoing network have been stubbed. [{\"name\":\"http\",\"status\":\"mocked\"},{\"name\":\"http\",\"status\":\"mocked\"},{\"name\":\"https\",\"status\":\"mocked\"},{\"name\":\"https\",\"status\":\"mocked\"},{\"name\":\"net\",\"status\":\"mocked\"}]"}}
[debug] [2025-12-13T13:32:02.934Z] [runtime-status] [17636] Resolved module firebase-functions {"declared":true,"installed":true,"version":"7.0.1","resolution":"C:\\Users\\muzam\\Projects\\Gulfara\\functions\\node_modules\\firebase-functions\\lib\\v2\\index.js"} {"metadata":{"emulator":{"name":"functions"},"function":{"name":"us-central1-logBlocked"},"extension":{},"message":"[runtime-status] [17636] Resolved module firebase-functions {\"declared\":true,\"installed\":true,\"version\":\"7.0.1\",\"resolution\":\"C:\\\\Users\\\\muzam\\\\Projects\\\\Gulfara\\\\functions\\\\node_modules\\\\firebase-functions\\\\lib\\\\v2\\\\index.js\"}"}}
[debug] [2025-12-13T13:32:02.934Z] [runtime-status] [17636] Detected firebase-functions v7+, skipping legacy stubs. {"metadata":{"emulator":{"name":"functions"},"function":{"name":"us-central1-logBlocked"},"extension":{},"message":"[runtime-status] [17636] Detected firebase-functions v7+, skipping legacy stubs."}}
[debug] [2025-12-13T13:32:02.936Z] [runtime-status] [17636] Resolved module firebase-admin {"declared":true,"installed":true,"version":"13.6.0","resolution":"C:\\Users\\muzam\\Projects\\Gulfara\\functions\\node_modules\\firebase-admin\\lib\\index.js"} {"metadata":{"emulator":{"name":"functions"},"function":{"name":"us-central1-logBlocked"},"extension":{},"message":"[runtime-status] [17636] Resolved module firebase-admin {\"declared\":true,\"installed\":true,\"version\":\"13.6.0\",\"resolution\":\"C:\\\\Users\\\\muzam\\\\Projects\\\\Gulfara\\\\functions\\\\node_modules\\\\firebase-admin\\\\lib\\\\index.js\"}"}}
[debug] [2025-12-13T13:32:03.142Z] [runtime-status] [17636] Resolved module firebase-functions {"declared":true,"installed":true,"version":"7.0.1","resolution":"C:\\Users\\muzam\\Projects\\Gulfara\\functions\\node_modules\\firebase-functions\\lib\\v2\\index.js"} {"metadata":{"emulator":{"name":"functions"},"function":{"name":"us-central1-logBlocked"},"extension":{},"message":"[runtime-status] [17636] Resolved module firebase-functions {\"declared\":true,\"installed\":true,\"version\":\"7.0.1\",\"resolution\":\"C:\\\\Users\\\\muzam\\\\Projects\\\\Gulfara\\\\functions\\\\node_modules\\\\firebase-functions\\\\lib\\\\v2\\\\index.js\"}"}}
[debug] [2025-12-13T13:32:03.850Z] [runtime-status] [17636] firebase-admin has been stubbed. {"adminResolution":{"declared":true,"installed":true,"version":"13.6.0","resolution":"C:\\Users\\muzam\\Projects\\Gulfara\\functions\\node_modules\\firebase-admin\\lib\\index.js"}} {"metadata":{"emulator":{"name":"functions"},"function":{"name":"us-central1-logBlocked"},"extension":{},"message":"[runtime-status] [17636] firebase-admin has been stubbed. {\"adminResolution\":{\"declared\":true,\"installed\":true,\"version\":\"13.6.0\",\"resolution\":\"C:\\\\Users\\\\muzam\\\\Projects\\\\Gulfara\\\\functions\\\\node_modules\\\\firebase-admin\\\\lib\\\\index.js\"}}"}}
[debug] [2025-12-13T13:32:03.857Z] [runtime-status] [17636] initializeApp(DEFAULT) {"storageBucket":"gulfara-cards.firebasestorage.app","projectId":"gulfara-cards"} {"metadata":{"emulator":{"name":"functions"},"function":{"name":"us-central1-logBlocked"},"extension":{},"message":"[runtime-status] [17636] initializeApp(DEFAULT) {\"storageBucket\":\"gulfara-cards.firebasestorage.app\",\"projectId\":\"gulfara-cards\"}"}}
[debug] [2025-12-13T13:32:03.872Z] [runtime-status] [17636] Functions runtime initialized. {"cwd":"C:\\Users\\muzam\\Projects\\Gulfara\\functions","node_version":"20.19.5"} {"metadata":{"emulator":{"name":"functions"},"function":{"name":"us-central1-logBlocked"},"extension":{},"message":"[runtime-status] [17636] Functions runtime initialized. {\"cwd\":\"C:\\\\Users\\\\muzam\\\\Projects\\\\Gulfara\\\\functions\",\"node_version\":\"20.19.5\"}"}}
[debug] [2025-12-13T13:32:03.874Z] [runtime-status] [17636] Listening to port: \\?\pipe\fire_emu_5ee0fbb96fae3719 {"metadata":{"emulator":{"name":"functions"},"function":{"name":"us-central1-logBlocked"},"extension":{},"message":"[runtime-status] [17636] Listening to port: \\\\?\\pipe\\fire_emu_5ee0fbb96fae3719"}}
[debug] [2025-12-13T13:32:03.974Z] [worker-us-central1-logBlocked-bd903852-b2df-4d23-8e17-40b5bfbb4ba5]: IDLE {"metadata":{"emulator":{"name":"functions"},"function":{"name":"us-central1-logBlocked"},"extension":{},"message":"[worker-us-central1-logBlocked-bd903852-b2df-4d23-8e17-40b5bfbb4ba5]: IDLE"}}
[debug] [2025-12-13T13:32:03.975Z] [worker-pool] submitRequest(triggerId=us-central1-logBlocked) {"metadata":{"emulator":{"name":"functions"},"message":"[worker-pool] submitRequest(triggerId=us-central1-logBlocked)"}}
[info] i  functions: Beginning execution of "us-central1-logBlocked" {"metadata":{"emulator":{"name":"functions"},"function":{"name":"us-central1-logBlocked"},"extension":{},"message":"Beginning execution of \"us-central1-logBlocked\""}}
[debug] [2025-12-13T13:32:03.976Z] [worker-us-central1-logBlocked-bd903852-b2df-4d23-8e17-40b5bfbb4ba5]: BUSY {"metadata":{"emulator":{"name":"functions"},"function":{"name":"us-central1-logBlocked"},"extension":{},"message":"[worker-us-central1-logBlocked-bd903852-b2df-4d23-8e17-40b5bfbb4ba5]: BUSY"}}
[debug] [2025-12-13T13:32:04.987Z] Dec 13, 2025 4:32:04 PM io.gapi.emulators.netty.HttpVersionRoutingHandler channelRead
INFO: Detected HTTP/2 connection.
 {"metadata":{"emulator":{"name":"firestore"},"message":"Dec 13, 2025 4:32:04 PM io.gapi.emulators.netty.HttpVersionRoutingHandler channelRead\r\nINFO: Detected HTTP/2 connection.\r\n"}}
[info] >  {"action":"checkout_error","severity":"INFO","message":"logged blocked action"} {"user":{"action":"checkout_error","severity":"INFO","message":"logged blocked action"},"metadata":{"emulator":{"name":"functions"},"function":{"name":"us-central1-logBlocked"},"extension":{},"message":"\u001b[90m> \u001b[39m {\"action\":\"checkout_error\",\"severity\":\"INFO\",\"message\":\"logged blocked action\"}"}}
[debug] [2025-12-13T13:32:05.171Z] Finishing up request with event=pause {"metadata":{"emulator":{"name":"functions"},"function":{"name":"us-central1-logBlocked"},"extension":{},"message":"Finishing up request with event=pause"}}
[info] i  functions: Finished "us-central1-logBlocked" in 1195.2173ms {"metadata":{"emulator":{"name":"functions"},"function":{"name":"us-central1-logBlocked"},"extension":{},"message":"Finished \"us-central1-logBlocked\" in 1195.2173ms"}}
[debug] [2025-12-13T13:32:05.172Z] [worker-us-central1-logBlocked-bd903852-b2df-4d23-8e17-40b5bfbb4ba5]: IDLE {"metadata":{"emulator":{"name":"functions"},"function":{"name":"us-central1-logBlocked"},"extension":{},"message":"[worker-us-central1-logBlocked-bd903852-b2df-4d23-8e17-40b5bfbb4ba5]: IDLE"}}
[debug] [2025-12-13T13:32:05.173Z] Finishing up request with event=finish {"metadata":{"emulator":{"name":"functions"},"function":{"name":"us-central1-logBlocked"},"extension":{},"message":"Finishing up request with event=finish"}}
[debug] [2025-12-13T13:32:05.173Z] Finishing up request with event=close {"metadata":{"emulator":{"name":"functions"},"function":{"name":"us-central1-logBlocked"},"extension":{},"message":"Finishing up request with event=close"}}
[debug] [2025-12-13T13:32:05.173Z] [work-queue] {"queuedWork":[],"queueLength":0,"runningWork":[],"workRunningCount":0}
[debug] [2025-12-13T13:32:40.127Z] Dec 13, 2025 4:32:40 PM io.gapi.emulators.netty.HttpVersionRoutingHandler channelRead
INFO: Detected non-HTTP/2 connection.
 {"metadata":{"emulator":{"name":"firestore"},"message":"Dec 13, 2025 4:32:40 PM io.gapi.emulators.netty.HttpVersionRoutingHandler channelRead\r\nINFO: Detected non-HTTP/2 connection.\r\n"}}
[debug] [2025-12-13T13:33:14.959Z] File C:\Users\muzam\Projects\Gulfara\functions\src\index.ts changed, reloading triggers {"metadata":{"emulator":{"name":"functions"},"message":"File C:\\Users\\muzam\\Projects\\Gulfara\\functions\\src\\index.ts changed, reloading triggers"}}
[debug] [2025-12-13T13:33:14.960Z] File C:\Users\muzam\Projects\Gulfara\functions\post.json changed, reloading triggers {"metadata":{"emulator":{"name":"functions"},"message":"File C:\\Users\\muzam\\Projects\\Gulfara\\functions\\post.json changed, reloading triggers"}}
[debug] [2025-12-13T13:33:15.973Z] Validating nodejs source
[debug] [2025-12-13T13:33:18.427Z] > [functions] package.json contents: {
  "name": "functions",
  "scripts": {
    "lint": "eslint --ext .js,.ts .",
    "build": "tsc",
    "build:watch": "tsc --watch",
    "serve": "npm run build && firebase emulators:start --only functions",
    "shell": "npm run build && firebase functions:shell",
    "start": "npm run shell",
    "deploy": "firebase deploy --only functions",
    "logs": "firebase functions:log"
  },
  "engines": {
    "node": "24"
  },
  "main": "lib/index.js",
  "dependencies": {
    "firebase-admin": "^13.6.0",
    "firebase-functions": "^7.0.0"
  },
  "devDependencies": {
    "@typescript-eslint/eslint-plugin": "^5.12.0",
    "@typescript-eslint/parser": "^5.12.0",
    "eslint": "^8.9.0",
    "eslint-config-google": "^0.14.0",
    "eslint-plugin-import": "^2.25.4",
    "firebase-functions-test": "^3.4.1",
    "typescript": "^5.7.3"
  },
  "private": true
}
[debug] [2025-12-13T13:33:18.428Z] Building nodejs source
[debug] [2025-12-13T13:33:18.428Z] Failed to find version of module node: reached end of search path C:\Users\muzam\Projects\Gulfara\functions\node_modules
[warn] !  functions: Your requested "node" version "24" doesn't match your global version "20". Using node@20 from host. 
[debug] [2025-12-13T13:33:18.430Z] Could not find functions.yaml. Must use http discovery
[debug] [2025-12-13T13:33:18.454Z] Found firebase-functions binary at 'C:\Users\muzam\Projects\Gulfara\functions\node_modules\.bin\firebase-functions'
[info] Serving at port 8214

[debug] [2025-12-13T13:33:20.739Z] Got response from /__/functions.yaml {"endpoints":{"helloWorld":{"availableMemoryMb":null,"timeoutSeconds":null,"minInstances":null,"maxInstances":10,"ingressSettings":null,"concurrency":null,"serviceAccountEmail":null,"vpc":null,"platform":"gcfv2","labels":{},"httpsTrigger":{},"entryPoint":"helloWorld"},"logBlocked":{"availableMemoryMb":null,"timeoutSeconds":null,"minInstances":null,"maxInstances":10,"ingressSettings":null,"concurrency":null,"serviceAccountEmail":null,"vpc":null,"platform":"gcfv2","labels":{},"httpsTrigger":{},"entryPoint":"logBlocked"}},"specVersion":"v1alpha1","requiredAPIs":[],"extensions":{}}
[info] +  functions: Loaded functions definitions from source: helloWorld, logBlocked. {"metadata":{"emulator":{"name":"functions"},"message":"Loaded functions definitions from source: helloWorld, logBlocked."}}
[debug] [2025-12-13T13:33:24.779Z] [worker-pool] Shutting down IDLE worker (us-central1-logBlocked) {"metadata":{"emulator":{"name":"functions"},"message":"[worker-pool] Shutting down IDLE worker (us-central1-logBlocked)"}}
[debug] [2025-12-13T13:33:24.779Z] [worker-us-central1-logBlocked-bd903852-b2df-4d23-8e17-40b5bfbb4ba5]: FINISHING {"metadata":{"emulator":{"name":"functions"},"function":{"name":"us-central1-logBlocked"},"extension":{},"message":"[worker-us-central1-logBlocked-bd903852-b2df-4d23-8e17-40b5bfbb4ba5]: FINISHING"}}
[debug] [2025-12-13T13:33:24.784Z] Dec 13, 2025 4:33:24 PM io.netty.channel.DefaultChannelPipeline onUnhandledInboundException
WARNING: An exceptionCaught() event was fired, and it reached at the tail of the pipeline. It usually means the last handler in the pipeline did not handle the exception.
java.net.SocketException: Connection reset
	at java.base/sun.nio.ch.SocketChannelImpl.throwConnectionReset(SocketChannelImpl.java:399)
	at java.base/sun.nio.ch.SocketChannelImpl.implRead(SocketChannelImpl.java:431)
	at java.base/sun.nio.ch.SocketChannelImpl.read(SocketChannelImpl.java:489)
	at io.netty.buffer.PooledByteBuf.setBytes(PooledByteBuf.java:255)
	at io.netty.buffer.AbstractByteBuf.writeBytes(AbstractByteBuf.java:1132)
	at io.netty.channel.socket.nio.NioSocketChannel.doReadBytes(NioSocketChannel.java:356)
	at io.netty.channel.nio.AbstractNioByteChannel$NioByteUnsafe.read(AbstractNioByteChannel.java:151)
	at io.netty.channel.nio.NioEventLoop.processSelectedKey(NioEventLoop.java:796)
	at io.netty.channel.nio.NioEventLoop.processSelectedKeysOptimized(NioEventLoop.java:732)
	at io.netty.channel.nio.NioEventLoop.processSelectedKeys(NioEventLoop.java:658)
	at io.netty.channel.nio.NioEventLoop.run(NioEventLoop.java:562)
	at io.netty.util.concurrent.SingleThreadEventExecutor$4.run(SingleThreadEventExecutor.java:998)
	at io.netty.util.internal.ThreadExecutorMap$2.run(ThreadExecutorMap.java:74)
	at io.netty.util.concurrent.FastThreadLocalRunnable.run(FastThreadLocalRunnable.java:30)
	at java.base/java.lang.Thread.run(Thread.java:1474)

 {"metadata":{"emulator":{"name":"firestore"},"message":"Dec 13, 2025 4:33:24 PM io.netty.channel.DefaultChannelPipeline onUnhandledInboundException\r\nWARNING: An exceptionCaught() event was fired, and it reached at the tail of the pipeline. It usually means the last handler in the pipeline did not handle the exception.\r\njava.net.SocketException: Connection reset\r\n\tat java.base/sun.nio.ch.SocketChannelImpl.throwConnectionReset(SocketChannelImpl.java:399)\r\n\tat java.base/sun.nio.ch.SocketChannelImpl.implRead(SocketChannelImpl.java:431)\r\n\tat java.base/sun.nio.ch.SocketChannelImpl.read(SocketChannelImpl.java:489)\r\n\tat io.netty.buffer.PooledByteBuf.setBytes(PooledByteBuf.java:255)\r\n\tat io.netty.buffer.AbstractByteBuf.writeBytes(AbstractByteBuf.java:1132)\r\n\tat io.netty.channel.socket.nio.NioSocketChannel.doReadBytes(NioSocketChannel.java:356)\r\n\tat io.netty.channel.nio.AbstractNioByteChannel$NioByteUnsafe.read(AbstractNioByteChannel.java:151)\r\n\tat io.netty.channel.nio.NioEventLoop.processSelectedKey(NioEventLoop.java:796)\r\n\tat io.netty.channel.nio.NioEventLoop.processSelectedKeysOptimized(NioEventLoop.java:732)\r\n\tat io.netty.channel.nio.NioEventLoop.processSelectedKeys(NioEventLoop.java:658)\r\n\tat io.netty.channel.nio.NioEventLoop.run(NioEventLoop.java:562)\r\n\tat io.netty.util.concurrent.SingleThreadEventExecutor$4.run(SingleThreadEventExecutor.java:998)\r\n\tat io.netty.util.internal.ThreadExecutorMap$2.run(ThreadExecutorMap.java:74)\r\n\tat io.netty.util.concurrent.FastThreadLocalRunnable.run(FastThreadLocalRunnable.java:30)\r\n\tat java.base/java.lang.Thread.run(Thread.java:1474)\r\n\r\n"}}
[debug] [2025-12-13T13:33:24.801Z] [worker-us-central1-logBlocked-bd903852-b2df-4d23-8e17-40b5bfbb4ba5]: exited {"metadata":{"emulator":{"name":"functions"},"function":{"name":"us-central1-logBlocked"},"extension":{},"message":"[worker-us-central1-logBlocked-bd903852-b2df-4d23-8e17-40b5bfbb4ba5]: exited"}}
[debug] [2025-12-13T13:33:24.801Z] [worker-us-central1-logBlocked-bd903852-b2df-4d23-8e17-40b5bfbb4ba5]: FINISHED {"metadata":{"emulator":{"name":"functions"},"function":{"name":"us-central1-logBlocked"},"extension":{},"message":"[worker-us-central1-logBlocked-bd903852-b2df-4d23-8e17-40b5bfbb4ba5]: FINISHED"}}
[debug] [2025-12-13T13:35:26.204Z] [work-queue] {"queuedWork":["/gulfara-cards/us-central1/helloWorld-2025-12-13T13:35:26.204Z"],"queueLength":1,"runningWork":[],"workRunningCount":0}
[debug] [2025-12-13T13:35:26.204Z] [work-queue] {"queuedWork":[],"queueLength":0,"runningWork":["/gulfara-cards/us-central1/helloWorld-2025-12-13T13:35:26.204Z"],"workRunningCount":1}
[debug] [2025-12-13T13:35:26.204Z] Accepted request GET /gulfara-cards/us-central1/helloWorld --> us-central1-helloWorld
[debug] [2025-12-13T13:35:26.209Z] [functions] Runtime ready! Sending request! {"metadata":{"emulator":{"name":"functions"},"message":"[functions] Runtime ready! Sending request!"}}
[debug] [2025-12-13T13:35:26.210Z] [functions] Got req.url=/gulfara-cards/us-central1/helloWorld, mapping to path=/ {"metadata":{"emulator":{"name":"functions"},"message":"[functions] Got req.url=/gulfara-cards/us-central1/helloWorld, mapping to path=/"}}
[debug] [2025-12-13T13:35:26.210Z] [worker-pool] Cleaned up workers for us-central1-logBlocked: 1 --> 0 {"metadata":{"emulator":{"name":"functions"},"message":"[worker-pool] Cleaned up workers for us-central1-logBlocked: 1 --> 0"}}
[debug] [2025-12-13T13:35:26.258Z] [worker-pool] addWorker(us-central1-helloWorld) {"metadata":{"emulator":{"name":"functions"},"message":"[worker-pool] addWorker(us-central1-helloWorld)"}}
[debug] [2025-12-13T13:35:26.259Z] [worker-pool] Adding worker with key us-central1-helloWorld, total=1 {"metadata":{"emulator":{"name":"functions"},"message":"[worker-pool] Adding worker with key us-central1-helloWorld, total=1"}}
[debug] [2025-12-13T13:35:29.304Z] [runtime-status] [30032] Resolved module firebase-admin {"declared":true,"installed":true,"version":"13.6.0","resolution":"C:\\Users\\muzam\\Projects\\Gulfara\\functions\\node_modules\\firebase-admin\\lib\\index.js"} {"metadata":{"emulator":{"name":"functions"},"function":{"name":"us-central1-helloWorld"},"extension":{},"message":"[runtime-status] [30032] Resolved module firebase-admin {\"declared\":true,\"installed\":true,\"version\":\"13.6.0\",\"resolution\":\"C:\\\\Users\\\\muzam\\\\Projects\\\\Gulfara\\\\functions\\\\node_modules\\\\firebase-admin\\\\lib\\\\index.js\"}"}}
[debug] [2025-12-13T13:35:29.307Z] [runtime-status] [30032] Resolved module firebase-functions {"declared":true,"installed":true,"version":"7.0.1","resolution":"C:\\Users\\muzam\\Projects\\Gulfara\\functions\\node_modules\\firebase-functions\\lib\\v2\\index.js"} {"metadata":{"emulator":{"name":"functions"},"function":{"name":"us-central1-helloWorld"},"extension":{},"message":"[runtime-status] [30032] Resolved module firebase-functions {\"declared\":true,\"installed\":true,\"version\":\"7.0.1\",\"resolution\":\"C:\\\\Users\\\\muzam\\\\Projects\\\\Gulfara\\\\functions\\\\node_modules\\\\firebase-functions\\\\lib\\\\v2\\\\index.js\"}"}}
[debug] [2025-12-13T13:35:29.308Z] [runtime-status] [30032] Outgoing network have been stubbed. [{"name":"http","status":"mocked"},{"name":"http","status":"mocked"},{"name":"https","status":"mocked"},{"name":"https","status":"mocked"},{"name":"net","status":"mocked"}] {"metadata":{"emulator":{"name":"functions"},"function":{"name":"us-central1-helloWorld"},"extension":{},"message":"[runtime-status] [30032] Outgoing network have been stubbed. [{\"name\":\"http\",\"status\":\"mocked\"},{\"name\":\"http\",\"status\":\"mocked\"},{\"name\":\"https\",\"status\":\"mocked\"},{\"name\":\"https\",\"status\":\"mocked\"},{\"name\":\"net\",\"status\":\"mocked\"}]"}}
[debug] [2025-12-13T13:35:29.309Z] [runtime-status] [30032] Resolved module firebase-functions {"declared":true,"installed":true,"version":"7.0.1","resolution":"C:\\Users\\muzam\\Projects\\Gulfara\\functions\\node_modules\\firebase-functions\\lib\\v2\\index.js"} {"metadata":{"emulator":{"name":"functions"},"function":{"name":"us-central1-helloWorld"},"extension":{},"message":"[runtime-status] [30032] Resolved module firebase-functions {\"declared\":true,\"installed\":true,\"version\":\"7.0.1\",\"resolution\":\"C:\\\\Users\\\\muzam\\\\Projects\\\\Gulfara\\\\functions\\\\node_modules\\\\firebase-functions\\\\lib\\\\v2\\\\index.js\"}"}}
[debug] [2025-12-13T13:35:29.310Z] [runtime-status] [30032] Detected firebase-functions v7+, skipping legacy stubs. {"metadata":{"emulator":{"name":"functions"},"function":{"name":"us-central1-helloWorld"},"extension":{},"message":"[runtime-status] [30032] Detected firebase-functions v7+, skipping legacy stubs."}}
[debug] [2025-12-13T13:35:29.312Z] [runtime-status] [30032] Resolved module firebase-admin {"declared":true,"installed":true,"version":"13.6.0","resolution":"C:\\Users\\muzam\\Projects\\Gulfara\\functions\\node_modules\\firebase-admin\\lib\\index.js"} {"metadata":{"emulator":{"name":"functions"},"function":{"name":"us-central1-helloWorld"},"extension":{},"message":"[runtime-status] [30032] Resolved module firebase-admin {\"declared\":true,\"installed\":true,\"version\":\"13.6.0\",\"resolution\":\"C:\\\\Users\\\\muzam\\\\Projects\\\\Gulfara\\\\functions\\\\node_modules\\\\firebase-admin\\\\lib\\\\index.js\"}"}}
[debug] [2025-12-13T13:35:29.499Z] [runtime-status] [30032] Resolved module firebase-functions {"declared":true,"installed":true,"version":"7.0.1","resolution":"C:\\Users\\muzam\\Projects\\Gulfara\\functions\\node_modules\\firebase-functions\\lib\\v2\\index.js"} {"metadata":{"emulator":{"name":"functions"},"function":{"name":"us-central1-helloWorld"},"extension":{},"message":"[runtime-status] [30032] Resolved module firebase-functions {\"declared\":true,\"installed\":true,\"version\":\"7.0.1\",\"resolution\":\"C:\\\\Users\\\\muzam\\\\Projects\\\\Gulfara\\\\functions\\\\node_modules\\\\firebase-functions\\\\lib\\\\v2\\\\index.js\"}"}}
[debug] [2025-12-13T13:35:30.203Z] [runtime-status] [30032] firebase-admin has been stubbed. {"adminResolution":{"declared":true,"installed":true,"version":"13.6.0","resolution":"C:\\Users\\muzam\\Projects\\Gulfara\\functions\\node_modules\\firebase-admin\\lib\\index.js"}} {"metadata":{"emulator":{"name":"functions"},"function":{"name":"us-central1-helloWorld"},"extension":{},"message":"[runtime-status] [30032] firebase-admin has been stubbed. {\"adminResolution\":{\"declared\":true,\"installed\":true,\"version\":\"13.6.0\",\"resolution\":\"C:\\\\Users\\\\muzam\\\\Projects\\\\Gulfara\\\\functions\\\\node_modules\\\\firebase-admin\\\\lib\\\\index.js\"}}"}}
[debug] [2025-12-13T13:35:30.208Z] [runtime-status] [30032] initializeApp(DEFAULT) {"storageBucket":"gulfara-cards.firebasestorage.app","projectId":"gulfara-cards"} {"metadata":{"emulator":{"name":"functions"},"function":{"name":"us-central1-helloWorld"},"extension":{},"message":"[runtime-status] [30032] initializeApp(DEFAULT) {\"storageBucket\":\"gulfara-cards.firebasestorage.app\",\"projectId\":\"gulfara-cards\"}"}}
[debug] [2025-12-13T13:35:30.220Z] [runtime-status] [30032] Functions runtime initialized. {"cwd":"C:\\Users\\muzam\\Projects\\Gulfara\\functions","node_version":"20.19.5"} {"metadata":{"emulator":{"name":"functions"},"function":{"name":"us-central1-helloWorld"},"extension":{},"message":"[runtime-status] [30032] Functions runtime initialized. {\"cwd\":\"C:\\\\Users\\\\muzam\\\\Projects\\\\Gulfara\\\\functions\",\"node_version\":\"20.19.5\"}"}}
[debug] [2025-12-13T13:35:30.221Z] [runtime-status] [30032] Listening to port: \\?\pipe\fire_emu_5a4cf0f9c3f81a1f {"metadata":{"emulator":{"name":"functions"},"function":{"name":"us-central1-helloWorld"},"extension":{},"message":"[runtime-status] [30032] Listening to port: \\\\?\\pipe\\fire_emu_5a4cf0f9c3f81a1f"}}
[debug] [2025-12-13T13:35:30.251Z] [worker-us-central1-helloWorld-4d789262-9119-4fb7-a9f7-298ee3e1c150]: IDLE {"metadata":{"emulator":{"name":"functions"},"function":{"name":"us-central1-helloWorld"},"extension":{},"message":"[worker-us-central1-helloWorld-4d789262-9119-4fb7-a9f7-298ee3e1c150]: IDLE"}}
[debug] [2025-12-13T13:35:30.252Z] [worker-pool] submitRequest(triggerId=us-central1-helloWorld) {"metadata":{"emulator":{"name":"functions"},"message":"[worker-pool] submitRequest(triggerId=us-central1-helloWorld)"}}
[info] i  functions: Beginning execution of "us-central1-helloWorld" {"metadata":{"emulator":{"name":"functions"},"function":{"name":"us-central1-helloWorld"},"extension":{},"message":"Beginning execution of \"us-central1-helloWorld\""}}
[debug] [2025-12-13T13:35:30.253Z] [worker-us-central1-helloWorld-4d789262-9119-4fb7-a9f7-298ee3e1c150]: BUSY {"metadata":{"emulator":{"name":"functions"},"function":{"name":"us-central1-helloWorld"},"extension":{},"message":"[worker-us-central1-helloWorld-4d789262-9119-4fb7-a9f7-298ee3e1c150]: BUSY"}}
[debug] [2025-12-13T13:35:30.878Z] Dec 13, 2025 4:35:30 PM io.gapi.emulators.netty.HttpVersionRoutingHandler channelRead
INFO: Detected HTTP/2 connection.
 {"metadata":{"emulator":{"name":"firestore"},"message":"Dec 13, 2025 4:35:30 PM io.gapi.emulators.netty.HttpVersionRoutingHandler channelRead\r\nINFO: Detected HTTP/2 connection.\r\n"}}
[info] >  {"severity":"WARNING","message":"helloWorld request rejected: ENABLED=false"} {"user":{"severity":"WARNING","message":"helloWorld request rejected: ENABLED=false"},"metadata":{"emulator":{"name":"functions"},"function":{"name":"us-central1-helloWorld"},"extension":{},"message":"\u001b[90m> \u001b[39m {\"severity\":\"WARNING\",\"message\":\"helloWorld request rejected: ENABLED=false\"}"}}
[debug] [2025-12-13T13:35:30.928Z] Finishing up request with event=pause {"metadata":{"emulator":{"name":"functions"},"function":{"name":"us-central1-helloWorld"},"extension":{},"message":"Finishing up request with event=pause"}}
[info] i  functions: Finished "us-central1-helloWorld" in 675.5804ms {"metadata":{"emulator":{"name":"functions"},"function":{"name":"us-central1-helloWorld"},"extension":{},"message":"Finished \"us-central1-helloWorld\" in 675.5804ms"}}
[debug] [2025-12-13T13:35:30.929Z] [worker-us-central1-helloWorld-4d789262-9119-4fb7-a9f7-298ee3e1c150]: IDLE {"metadata":{"emulator":{"name":"functions"},"function":{"name":"us-central1-helloWorld"},"extension":{},"message":"[worker-us-central1-helloWorld-4d789262-9119-4fb7-a9f7-298ee3e1c150]: IDLE"}}
[debug] [2025-12-13T13:35:30.929Z] Finishing up request with event=finish {"metadata":{"emulator":{"name":"functions"},"function":{"name":"us-central1-helloWorld"},"extension":{},"message":"Finishing up request with event=finish"}}
[debug] [2025-12-13T13:35:30.930Z] Finishing up request with event=close {"metadata":{"emulator":{"name":"functions"},"function":{"name":"us-central1-helloWorld"},"extension":{},"message":"Finishing up request with event=close"}}
[debug] [2025-12-13T13:35:30.930Z] [work-queue] {"queuedWork":[],"queueLength":0,"runningWork":[],"workRunningCount":0}
[debug] [2025-12-13T13:36:18.973Z] [work-queue] {"queuedWork":["/gulfara-cards/us-central1/helloWorld-2025-12-13T13:36:18.973Z"],"queueLength":1,"runningWork":[],"workRunningCount":0}
[debug] [2025-12-13T13:36:18.973Z] [work-queue] {"queuedWork":[],"queueLength":0,"runningWork":["/gulfara-cards/us-central1/helloWorld-2025-12-13T13:36:18.973Z"],"workRunningCount":1}
[debug] [2025-12-13T13:36:18.974Z] Accepted request GET /gulfara-cards/us-central1/helloWorld --> us-central1-helloWorld
[debug] [2025-12-13T13:36:18.977Z] [functions] Runtime ready! Sending request! {"metadata":{"emulator":{"name":"functions"},"message":"[functions] Runtime ready! Sending request!"}}
[debug] [2025-12-13T13:36:18.978Z] [functions] Got req.url=/gulfara-cards/us-central1/helloWorld, mapping to path=/ {"metadata":{"emulator":{"name":"functions"},"message":"[functions] Got req.url=/gulfara-cards/us-central1/helloWorld, mapping to path=/"}}
[debug] [2025-12-13T13:36:18.978Z] [worker-pool] submitRequest(triggerId=us-central1-helloWorld) {"metadata":{"emulator":{"name":"functions"},"message":"[worker-pool] submitRequest(triggerId=us-central1-helloWorld)"}}
[info] i  functions: Beginning execution of "us-central1-helloWorld" {"metadata":{"emulator":{"name":"functions"},"function":{"name":"us-central1-helloWorld"},"extension":{},"message":"Beginning execution of \"us-central1-helloWorld\""}}
[debug] [2025-12-13T13:36:18.979Z] [worker-us-central1-helloWorld-4d789262-9119-4fb7-a9f7-298ee3e1c150]: BUSY {"metadata":{"emulator":{"name":"functions"},"function":{"name":"us-central1-helloWorld"},"extension":{},"message":"[worker-us-central1-helloWorld-4d789262-9119-4fb7-a9f7-298ee3e1c150]: BUSY"}}
[info] >  {"severity":"WARNING","message":"helloWorld request rejected: ENABLED=false"} {"user":{"severity":"WARNING","message":"helloWorld request rejected: ENABLED=false"},"metadata":{"emulator":{"name":"functions"},"function":{"name":"us-central1-helloWorld"},"extension":{},"message":"\u001b[90m> \u001b[39m {\"severity\":\"WARNING\",\"message\":\"helloWorld request rejected: ENABLED=false\"}"}}
[debug] [2025-12-13T13:36:19.001Z] Finishing up request with event=pause {"metadata":{"emulator":{"name":"functions"},"function":{"name":"us-central1-helloWorld"},"extension":{},"message":"Finishing up request with event=pause"}}
[info] i  functions: Finished "us-central1-helloWorld" in 22.6746ms {"metadata":{"emulator":{"name":"functions"},"function":{"name":"us-central1-helloWorld"},"extension":{},"message":"Finished \"us-central1-helloWorld\" in 22.6746ms"}}
[debug] [2025-12-13T13:36:19.002Z] [worker-us-central1-helloWorld-4d789262-9119-4fb7-a9f7-298ee3e1c150]: IDLE {"metadata":{"emulator":{"name":"functions"},"function":{"name":"us-central1-helloWorld"},"extension":{},"message":"[worker-us-central1-helloWorld-4d789262-9119-4fb7-a9f7-298ee3e1c150]: IDLE"}}
[debug] [2025-12-13T13:36:19.002Z] Finishing up request with event=finish {"metadata":{"emulator":{"name":"functions"},"function":{"name":"us-central1-helloWorld"},"extension":{},"message":"Finishing up request with event=finish"}}
[debug] [2025-12-13T13:36:19.003Z] Finishing up request with event=close {"metadata":{"emulator":{"name":"functions"},"function":{"name":"us-central1-helloWorld"},"extension":{},"message":"Finishing up request with event=close"}}
[debug] [2025-12-13T13:36:19.003Z] [work-queue] {"queuedWork":[],"queueLength":0,"runningWork":[],"workRunningCount":0}
[debug] [2025-12-13T13:36:19.071Z] [work-queue] {"queuedWork":["/gulfara-cards/us-central1/logBlocked-2025-12-13T13:36:19.071Z"],"queueLength":1,"runningWork":[],"workRunningCount":0}
[debug] [2025-12-13T13:36:19.071Z] [work-queue] {"queuedWork":[],"queueLength":0,"runningWork":["/gulfara-cards/us-central1/logBlocked-2025-12-13T13:36:19.071Z"],"workRunningCount":1}
[debug] [2025-12-13T13:36:19.071Z] Accepted request POST /gulfara-cards/us-central1/logBlocked --> us-central1-logBlocked
[debug] [2025-12-13T13:36:19.076Z] [functions] Runtime ready! Sending request! {"metadata":{"emulator":{"name":"functions"},"message":"[functions] Runtime ready! Sending request!"}}
[debug] [2025-12-13T13:36:19.076Z] [functions] Got req.url=/gulfara-cards/us-central1/logBlocked, mapping to path=/ {"metadata":{"emulator":{"name":"functions"},"message":"[functions] Got req.url=/gulfara-cards/us-central1/logBlocked, mapping to path=/"}}
[debug] [2025-12-13T13:36:19.123Z] [worker-pool] addWorker(us-central1-logBlocked) {"metadata":{"emulator":{"name":"functions"},"message":"[worker-pool] addWorker(us-central1-logBlocked)"}}
[debug] [2025-12-13T13:36:19.124Z] [worker-pool] Adding worker with key us-central1-logBlocked, total=1 {"metadata":{"emulator":{"name":"functions"},"message":"[worker-pool] Adding worker with key us-central1-logBlocked, total=1"}}
[debug] [2025-12-13T13:36:21.984Z] [runtime-status] [12404] Resolved module firebase-admin {"declared":true,"installed":true,"version":"13.6.0","resolution":"C:\\Users\\muzam\\Projects\\Gulfara\\functions\\node_modules\\firebase-admin\\lib\\index.js"} {"metadata":{"emulator":{"name":"functions"},"function":{"name":"us-central1-logBlocked"},"extension":{},"message":"[runtime-status] [12404] Resolved module firebase-admin {\"declared\":true,\"installed\":true,\"version\":\"13.6.0\",\"resolution\":\"C:\\\\Users\\\\muzam\\\\Projects\\\\Gulfara\\\\functions\\\\node_modules\\\\firebase-admin\\\\lib\\\\index.js\"}"}}
[debug] [2025-12-13T13:36:21.989Z] [runtime-status] [12404] Resolved module firebase-functions {"declared":true,"installed":true,"version":"7.0.1","resolution":"C:\\Users\\muzam\\Projects\\Gulfara\\functions\\node_modules\\firebase-functions\\lib\\v2\\index.js"} {"metadata":{"emulator":{"name":"functions"},"function":{"name":"us-central1-logBlocked"},"extension":{},"message":"[runtime-status] [12404] Resolved module firebase-functions {\"declared\":true,\"installed\":true,\"version\":\"7.0.1\",\"resolution\":\"C:\\\\Users\\\\muzam\\\\Projects\\\\Gulfara\\\\functions\\\\node_modules\\\\firebase-functions\\\\lib\\\\v2\\\\index.js\"}"}}
[debug] [2025-12-13T13:36:21.990Z] [runtime-status] [12404] Outgoing network have been stubbed. [{"name":"http","status":"mocked"},{"name":"http","status":"mocked"},{"name":"https","status":"mocked"},{"name":"https","status":"mocked"},{"name":"net","status":"mocked"}] {"metadata":{"emulator":{"name":"functions"},"function":{"name":"us-central1-logBlocked"},"extension":{},"message":"[runtime-status] [12404] Outgoing network have been stubbed. [{\"name\":\"http\",\"status\":\"mocked\"},{\"name\":\"http\",\"status\":\"mocked\"},{\"name\":\"https\",\"status\":\"mocked\"},{\"name\":\"https\",\"status\":\"mocked\"},{\"name\":\"net\",\"status\":\"mocked\"}]"}}
[debug] [2025-12-13T13:36:21.993Z] [runtime-status] [12404] Resolved module firebase-functions {"declared":true,"installed":true,"version":"7.0.1","resolution":"C:\\Users\\muzam\\Projects\\Gulfara\\functions\\node_modules\\firebase-functions\\lib\\v2\\index.js"} {"metadata":{"emulator":{"name":"functions"},"function":{"name":"us-central1-logBlocked"},"extension":{},"message":"[runtime-status] [12404] Resolved module firebase-functions {\"declared\":true,\"installed\":true,\"version\":\"7.0.1\",\"resolution\":\"C:\\\\Users\\\\muzam\\\\Projects\\\\Gulfara\\\\functions\\\\node_modules\\\\firebase-functions\\\\lib\\\\v2\\\\index.js\"}"}}
[debug] [2025-12-13T13:36:21.994Z] [runtime-status] [12404] Detected firebase-functions v7+, skipping legacy stubs. {"metadata":{"emulator":{"name":"functions"},"function":{"name":"us-central1-logBlocked"},"extension":{},"message":"[runtime-status] [12404] Detected firebase-functions v7+, skipping legacy stubs."}}
[debug] [2025-12-13T13:36:21.995Z] [runtime-status] [12404] Resolved module firebase-admin {"declared":true,"installed":true,"version":"13.6.0","resolution":"C:\\Users\\muzam\\Projects\\Gulfara\\functions\\node_modules\\firebase-admin\\lib\\index.js"} {"metadata":{"emulator":{"name":"functions"},"function":{"name":"us-central1-logBlocked"},"extension":{},"message":"[runtime-status] [12404] Resolved module firebase-admin {\"declared\":true,\"installed\":true,\"version\":\"13.6.0\",\"resolution\":\"C:\\\\Users\\\\muzam\\\\Projects\\\\Gulfara\\\\functions\\\\node_modules\\\\firebase-admin\\\\lib\\\\index.js\"}"}}
[debug] [2025-12-13T13:36:22.253Z] [runtime-status] [12404] Resolved module firebase-functions {"declared":true,"installed":true,"version":"7.0.1","resolution":"C:\\Users\\muzam\\Projects\\Gulfara\\functions\\node_modules\\firebase-functions\\lib\\v2\\index.js"} {"metadata":{"emulator":{"name":"functions"},"function":{"name":"us-central1-logBlocked"},"extension":{},"message":"[runtime-status] [12404] Resolved module firebase-functions {\"declared\":true,\"installed\":true,\"version\":\"7.0.1\",\"resolution\":\"C:\\\\Users\\\\muzam\\\\Projects\\\\Gulfara\\\\functions\\\\node_modules\\\\firebase-functions\\\\lib\\\\v2\\\\index.js\"}"}}
[debug] [2025-12-13T13:36:23.144Z] [runtime-status] [12404] firebase-admin has been stubbed. {"adminResolution":{"declared":true,"installed":true,"version":"13.6.0","resolution":"C:\\Users\\muzam\\Projects\\Gulfara\\functions\\node_modules\\firebase-admin\\lib\\index.js"}} {"metadata":{"emulator":{"name":"functions"},"function":{"name":"us-central1-logBlocked"},"extension":{},"message":"[runtime-status] [12404] firebase-admin has been stubbed. {\"adminResolution\":{\"declared\":true,\"installed\":true,\"version\":\"13.6.0\",\"resolution\":\"C:\\\\Users\\\\muzam\\\\Projects\\\\Gulfara\\\\functions\\\\node_modules\\\\firebase-admin\\\\lib\\\\index.js\"}}"}}
[debug] [2025-12-13T13:36:23.151Z] [runtime-status] [12404] initializeApp(DEFAULT) {"storageBucket":"gulfara-cards.firebasestorage.app","projectId":"gulfara-cards"} {"metadata":{"emulator":{"name":"functions"},"function":{"name":"us-central1-logBlocked"},"extension":{},"message":"[runtime-status] [12404] initializeApp(DEFAULT) {\"storageBucket\":\"gulfara-cards.firebasestorage.app\",\"projectId\":\"gulfara-cards\"}"}}
[debug] [2025-12-13T13:36:23.164Z] [runtime-status] [12404] Functions runtime initialized. {"cwd":"C:\\Users\\muzam\\Projects\\Gulfara\\functions","node_version":"20.19.5"} {"metadata":{"emulator":{"name":"functions"},"function":{"name":"us-central1-logBlocked"},"extension":{},"message":"[runtime-status] [12404] Functions runtime initialized. {\"cwd\":\"C:\\\\Users\\\\muzam\\\\Projects\\\\Gulfara\\\\functions\",\"node_version\":\"20.19.5\"}"}}
[debug] [2025-12-13T13:36:23.165Z] [runtime-status] [12404] Listening to port: \\?\pipe\fire_emu_3126404f4d681de9 {"metadata":{"emulator":{"name":"functions"},"function":{"name":"us-central1-logBlocked"},"extension":{},"message":"[runtime-status] [12404] Listening to port: \\\\?\\pipe\\fire_emu_3126404f4d681de9"}}
[debug] [2025-12-13T13:36:23.234Z] [worker-us-central1-logBlocked-980b0ab5-24b6-4eaf-8bee-830a233c0aa7]: IDLE {"metadata":{"emulator":{"name":"functions"},"function":{"name":"us-central1-logBlocked"},"extension":{},"message":"[worker-us-central1-logBlocked-980b0ab5-24b6-4eaf-8bee-830a233c0aa7]: IDLE"}}
[debug] [2025-12-13T13:36:23.235Z] [worker-pool] submitRequest(triggerId=us-central1-logBlocked) {"metadata":{"emulator":{"name":"functions"},"message":"[worker-pool] submitRequest(triggerId=us-central1-logBlocked)"}}
[info] i  functions: Beginning execution of "us-central1-logBlocked" {"metadata":{"emulator":{"name":"functions"},"function":{"name":"us-central1-logBlocked"},"extension":{},"message":"Beginning execution of \"us-central1-logBlocked\""}}
[debug] [2025-12-13T13:36:23.236Z] [worker-us-central1-logBlocked-980b0ab5-24b6-4eaf-8bee-830a233c0aa7]: BUSY {"metadata":{"emulator":{"name":"functions"},"function":{"name":"us-central1-logBlocked"},"extension":{},"message":"[worker-us-central1-logBlocked-980b0ab5-24b6-4eaf-8bee-830a233c0aa7]: BUSY"}}
[debug] [2025-12-13T13:36:24.000Z] Dec 13, 2025 4:36:23 PM io.gapi.emulators.netty.HttpVersionRoutingHandler channelRead
INFO: Detected HTTP/2 connection.
 {"metadata":{"emulator":{"name":"firestore"},"message":"Dec 13, 2025 4:36:23 PM io.gapi.emulators.netty.HttpVersionRoutingHandler channelRead\r\nINFO: Detected HTTP/2 connection.\r\n"}}
[info] >  {"action":"checkout_error","severity":"INFO","message":"logged blocked action"} {"user":{"action":"checkout_error","severity":"INFO","message":"logged blocked action"},"metadata":{"emulator":{"name":"functions"},"function":{"name":"us-central1-logBlocked"},"extension":{},"message":"\u001b[90m> \u001b[39m {\"action\":\"checkout_error\",\"severity\":\"INFO\",\"message\":\"logged blocked action\"}"}}
[debug] [2025-12-13T13:36:24.063Z] Finishing up request with event=pause {"metadata":{"emulator":{"name":"functions"},"function":{"name":"us-central1-logBlocked"},"extension":{},"message":"Finishing up request with event=pause"}}
[info] i  functions: Finished "us-central1-logBlocked" in 827.3936ms {"metadata":{"emulator":{"name":"functions"},"function":{"name":"us-central1-logBlocked"},"extension":{},"message":"Finished \"us-central1-logBlocked\" in 827.3936ms"}}
[debug] [2025-12-13T13:36:24.064Z] [worker-us-central1-logBlocked-980b0ab5-24b6-4eaf-8bee-830a233c0aa7]: IDLE {"metadata":{"emulator":{"name":"functions"},"function":{"name":"us-central1-logBlocked"},"extension":{},"message":"[worker-us-central1-logBlocked-980b0ab5-24b6-4eaf-8bee-830a233c0aa7]: IDLE"}}
[debug] [2025-12-13T13:36:24.064Z] Finishing up request with event=finish {"metadata":{"emulator":{"name":"functions"},"function":{"name":"us-central1-logBlocked"},"extension":{},"message":"Finishing up request with event=finish"}}
[debug] [2025-12-13T13:36:24.065Z] Finishing up request with event=close {"metadata":{"emulator":{"name":"functions"},"function":{"name":"us-central1-logBlocked"},"extension":{},"message":"Finishing up request with event=close"}}
[debug] [2025-12-13T13:36:24.065Z] [work-queue] {"queuedWork":[],"queueLength":0,"runningWork":[],"workRunningCount":0}
[debug] [2025-12-13T13:36:26.137Z] Dec 13, 2025 4:36:26 PM io.gapi.emulators.netty.HttpVersionRoutingHandler channelRead
INFO: Detected non-HTTP/2 connection.
 {"metadata":{"emulator":{"name":"firestore"},"message":"Dec 13, 2025 4:36:26 PM io.gapi.emulators.netty.HttpVersionRoutingHandler channelRead\r\nINFO: Detected non-HTTP/2 connection.\r\n"}}
[debug] [2025-12-13T13:36:26.234Z] [work-queue] {"queuedWork":["/gulfara-cards/us-central1/helloWorld-2025-12-13T13:36:26.233Z"],"queueLength":1,"runningWork":[],"workRunningCount":0}
[debug] [2025-12-13T13:36:26.234Z] [work-queue] {"queuedWork":[],"queueLength":0,"runningWork":["/gulfara-cards/us-central1/helloWorld-2025-12-13T13:36:26.233Z"],"workRunningCount":1}
[debug] [2025-12-13T13:36:26.234Z] Accepted request GET /gulfara-cards/us-central1/helloWorld --> us-central1-helloWorld
[debug] [2025-12-13T13:36:26.239Z] [functions] Runtime ready! Sending request! {"metadata":{"emulator":{"name":"functions"},"message":"[functions] Runtime ready! Sending request!"}}
[debug] [2025-12-13T13:36:26.239Z] [functions] Got req.url=/gulfara-cards/us-central1/helloWorld, mapping to path=/ {"metadata":{"emulator":{"name":"functions"},"message":"[functions] Got req.url=/gulfara-cards/us-central1/helloWorld, mapping to path=/"}}
[debug] [2025-12-13T13:36:26.239Z] [worker-pool] submitRequest(triggerId=us-central1-helloWorld) {"metadata":{"emulator":{"name":"functions"},"message":"[worker-pool] submitRequest(triggerId=us-central1-helloWorld)"}}
[info] i  functions: Beginning execution of "us-central1-helloWorld" {"metadata":{"emulator":{"name":"functions"},"function":{"name":"us-central1-helloWorld"},"extension":{},"message":"Beginning execution of \"us-central1-helloWorld\""}}
[debug] [2025-12-13T13:36:26.243Z] [worker-us-central1-helloWorld-4d789262-9119-4fb7-a9f7-298ee3e1c150]: BUSY {"metadata":{"emulator":{"name":"functions"},"function":{"name":"us-central1-helloWorld"},"extension":{},"message":"[worker-us-central1-helloWorld-4d789262-9119-4fb7-a9f7-298ee3e1c150]: BUSY"}}
[info] >  {"severity":"INFO","message":"helloWorld served"} {"user":{"severity":"INFO","message":"helloWorld served"},"metadata":{"emulator":{"name":"functions"},"function":{"name":"us-central1-helloWorld"},"extension":{},"message":"\u001b[90m> \u001b[39m {\"severity\":\"INFO\",\"message\":\"helloWorld served\"}"}}
[debug] [2025-12-13T13:36:26.289Z] Finishing up request with event=pause {"metadata":{"emulator":{"name":"functions"},"function":{"name":"us-central1-helloWorld"},"extension":{},"message":"Finishing up request with event=pause"}}
[info] i  functions: Finished "us-central1-helloWorld" in 46.9111ms {"metadata":{"emulator":{"name":"functions"},"function":{"name":"us-central1-helloWorld"},"extension":{},"message":"Finished \"us-central1-helloWorld\" in 46.9111ms"}}
[debug] [2025-12-13T13:36:26.291Z] [worker-us-central1-helloWorld-4d789262-9119-4fb7-a9f7-298ee3e1c150]: IDLE {"metadata":{"emulator":{"name":"functions"},"function":{"name":"us-central1-helloWorld"},"extension":{},"message":"[worker-us-central1-helloWorld-4d789262-9119-4fb7-a9f7-298ee3e1c150]: IDLE"}}
[debug] [2025-12-13T13:36:26.291Z] Finishing up request with event=finish {"metadata":{"emulator":{"name":"functions"},"function":{"name":"us-central1-helloWorld"},"extension":{},"message":"Finishing up request with event=finish"}}
[debug] [2025-12-13T13:36:26.291Z] Finishing up request with event=close {"metadata":{"emulator":{"name":"functions"},"function":{"name":"us-central1-helloWorld"},"extension":{},"message":"Finishing up request with event=close"}}
[debug] [2025-12-13T13:36:26.292Z] [work-queue] {"queuedWork":[],"queueLength":0,"runningWork":[],"workRunningCount":0}
[debug] [2025-12-13T13:36:26.423Z] Dec 13, 2025 4:36:26 PM io.netty.channel.DefaultChannelPipeline onUnhandledInboundException
WARNING: An exceptionCaught() event was fired, and it reached at the tail of the pipeline. It usually means the last handler in the pipeline did not handle the exception.
java.net.SocketException: Connection reset
	at java.base/sun.nio.ch.SocketChannelImpl.throwConnectionReset(SocketChannelImpl.java:399)
	at java.base/sun.nio.ch.SocketChannelImpl.implRead(SocketChannelImpl.java:431)
	at java.base/sun.nio.ch.SocketChannelImpl.read(SocketChannelImpl.java:489)
	at io.netty.buffer.PooledByteBuf.setBytes(PooledByteBuf.java:255)
	at io.netty.buffer.AbstractByteBuf.writeBytes(AbstractByteBuf.java:1132)
	at io.netty.channel.socket.nio.NioSocketChannel.doReadBytes(NioSocketChannel.java:356)
	at io.netty.channel.nio.AbstractNioByteChannel$NioByteUnsafe.read(AbstractNioByteChannel.java:151)
	at io.netty.channel.nio.NioEventLoop.processSelectedKey(NioEventLoop.java:796)
	at io.netty.channel.nio.NioEventLoop.processSelectedKeysOptimized(NioEventLoop.java:732)
	at io.netty.channel.nio.NioEventLoop.processSelectedKeys(NioEventLoop.java:658)
	at io.netty.channel.nio.NioEventLoop.run(NioEventLoop.java:562)
	at io.netty.util.concurrent.SingleThreadEventExecutor$4.run(SingleThreadEventExecutor.java:998)
	at io.netty.util.internal.ThreadExecutorMap$2.run(ThreadExecutorMap.java:74)
	at io.netty.util.concurrent.FastThreadLocalRunnable.run(FastThreadLocalRunnable.java:30)
	at java.base/java.lang.Thread.run(Thread.java:1474)

 {"metadata":{"emulator":{"name":"firestore"},"message":"Dec 13, 2025 4:36:26 PM io.netty.channel.DefaultChannelPipeline onUnhandledInboundException\r\nWARNING: An exceptionCaught() event was fired, and it reached at the tail of the pipeline. It usually means the last handler in the pipeline did not handle the exception.\r\njava.net.SocketException: Connection reset\r\n\tat java.base/sun.nio.ch.SocketChannelImpl.throwConnectionReset(SocketChannelImpl.java:399)\r\n\tat java.base/sun.nio.ch.SocketChannelImpl.implRead(SocketChannelImpl.java:431)\r\n\tat java.base/sun.nio.ch.SocketChannelImpl.read(SocketChannelImpl.java:489)\r\n\tat io.netty.buffer.PooledByteBuf.setBytes(PooledByteBuf.java:255)\r\n\tat io.netty.buffer.AbstractByteBuf.writeBytes(AbstractByteBuf.java:1132)\r\n\tat io.netty.channel.socket.nio.NioSocketChannel.doReadBytes(NioSocketChannel.java:356)\r\n\tat io.netty.channel.nio.AbstractNioByteChannel$NioByteUnsafe.read(AbstractNioByteChannel.java:151)\r\n\tat io.netty.channel.nio.NioEventLoop.processSelectedKey(NioEventLoop.java:796)\r\n\tat io.netty.channel.nio.NioEventLoop.processSelectedKeysOptimized(NioEventLoop.java:732)\r\n\tat io.netty.channel.nio.NioEventLoop.processSelectedKeys(NioEventLoop.java:658)\r\n\tat io.netty.channel.nio.NioEventLoop.run(NioEventLoop.java:562)\r\n\tat io.netty.util.concurrent.SingleThreadEventExecutor$4.run(SingleThreadEventExecutor.java:998)\r\n\tat io.netty.util.internal.ThreadExecutorMap$2.run(ThreadExecutorMap.java:74)\r\n\tat io.netty.util.concurrent.FastThreadLocalRunnable.run(FastThreadLocalRunnable.java:30)\r\n\tat java.base/java.lang.Thread.run(Thread.java:1474)\r\n\r\n"}}
